route_id,total_shipments,average_delay_minutes,median_delay_minutes,delay_rate,sla_breach_rate,average_weather_exposure,average_traffic_exposure,average_congestion_exposure,route_reliability_score
RT-LOC001-LOC002,5,142.4,136.0,0.4,0.4,0.3926,0.8103999999999999,0.49939999999999996,0.6
RT-LOC001-LOC002-LOC005,9,115.2,118.0,0.333,0.333,0.25555555555555554,0.7117777777777777,0.3954444444444445,0.667
RT-LOC001-LOC002-LOC017,6,137.5,139.0,0.667,0.667,0.41100000000000003,0.5415,0.555,0.333
RT-LOC001-LOC002-LOC059,10,112.0,106.0,0.5,0.5,0.3888,0.7261,0.42160000000000003,0.5
RT-LOC001-LOC007,9,88.8,59.0,0.444,0.444,0.31666666666666665,0.24866666666666667,0.32866666666666666,0.556
RT-LOC001-LOC007-LOC004,4,91.0,68.0,0.75,0.75,0.518,0.4095,0.0865,0.25
RT-LOC001-LOC007-LOC006,11,101.8,105.0,0.636,0.636,0.3921818181818182,0.466,0.3944545454545454,0.364
RT-LOC001-LOC007-LOC052,77,119.9,110.0,0.494,0.494,0.43937662337662337,0.41031168831168835,0.336038961038961,0.506
RT-LOC001-LOC051,9,110.6,114.0,0.667,0.667,0.49466666666666664,0.15366666666666667,0.48000000000000004,0.333
RT-LOC001-LOC051-LOC028,254,128.1,112.5,0.524,0.524,0.45412204724409444,0.40421259842519686,0.3964842519685039,0.476
RT-LOC001-LOC051-LOC029,9,193.3,177.0,0.556,0.556,0.6194444444444445,0.31455555555555553,0.5077777777777778,0.444
RT-LOC002-LOC005,6,182.8,142.0,0.667,0.667,0.21833333333333335,0.6956666666666668,0.41500000000000004,0.333
RT-LOC002-LOC005-LOC018,40,101.6,95.5,0.4,0.4,0.29710000000000003,0.49857500000000005,0.408525,0.6
RT-LOC002-LOC006,5,187.8,164.0,0.4,0.4,0.4058,0.7706000000000001,0.23420000000000002,0.6
RT-LOC002-LOC006-LOC003,92,132.2,114.0,0.522,0.522,0.44025,0.5869891304347826,0.38664130434782606,0.478
RT-LOC002-LOC017,7,97.3,90.0,0.143,0.143,0.4358571428571429,0.19542857142857145,0.588,0.857
RT-LOC002-LOC029,2,84.5,84.5,1.0,1.0,0.4065,0.5940000000000001,0.27749999999999997,0.0
RT-LOC002-LOC029-LOC001,9,110.0,107.0,0.444,0.444,0.31877777777777777,0.6217777777777778,0.41433333333333333,0.556
RT-LOC002-LOC029-LOC051,228,128.0,116.0,0.513,0.513,0.4445789473684211,0.5055438596491227,0.4007938596491228,0.487
RT-LOC002-LOC059,9,134.6,122.0,0.667,0.667,0.5482222222222223,0.7207777777777777,0.3343333333333333,0.333
RT-LOC002-LOC059-LOC060,31,116.3,111.0,0.548,0.548,0.37267741935483867,0.6799999999999999,0.35235483870967743,0.452
RT-LOC003-LOC007,6,160.7,166.0,0.667,0.667,0.6253333333333333,0.5671666666666667,0.2773333333333334,0.333
RT-LOC003-LOC007-LOC004,1,101.0,101.0,0.0,0.0,0.649,0.895,0.251,1.0
RT-LOC003-LOC007-LOC006,321,122.8,110.0,0.467,0.467,0.3827570093457944,0.5098660436137071,0.39361682242990653,0.533
RT-LOC003-LOC007-LOC052,68,118.4,111.0,0.485,0.485,0.504779411764706,0.5185294117647059,0.34992647058823534,0.515
RT-LOC004-LOC003,4,212.8,217.5,0.5,0.5,0.5730000000000001,0.80075,0.42925,0.5
RT-LOC004-LOC007,4,123.5,113.5,0.5,0.5,0.2405,0.6657500000000001,0.48924999999999996,0.5
RT-LOC004-LOC007-LOC006,286,126.0,110.5,0.441,0.441,0.3691783216783217,0.5266853146853147,0.40257342657342654,0.559
RT-LOC004-LOC009,5,142.8,142.0,0.4,0.4,0.46340000000000003,0.5349999999999999,0.4662,0.6
RT-LOC004-LOC009-LOC008,6,116.5,108.5,0.333,0.333,0.38466666666666666,0.6204999999999999,0.397,0.667
RT-LOC004-LOC009-LOC010,32,107.2,106.5,0.5,0.5,0.3568125,0.51846875,0.366875,0.5
RT-LOC004-LOC009-LOC054,5,149.4,134.0,0.6,0.6,0.6214000000000001,0.4426,0.3672,0.4
RT-LOC004-LOC009-LOC055,28,112.3,104.5,0.321,0.321,0.44810714285714287,0.5046428571428572,0.41617857142857145,0.679
RT-LOC004-LOC052,5,135.0,142.0,0.8,0.8,0.4606,0.094,0.44559999999999994,0.2
RT-LOC004-LOC052-LOC053,4,117.0,116.0,0.0,0.0,0.42725,0.42225,0.32575,1.0
RT-LOC005-LOC002,2,99.0,99.0,0.5,0.5,0.3615,0.7050000000000001,0.20950000000000002,0.5
RT-LOC005-LOC002-LOC029,122,125.9,118.0,0.475,0.475,0.48263934426229504,0.5280983606557377,0.4134344262295082,0.525
RT-LOC005-LOC017,4,121.8,100.0,0.25,0.25,0.38525,0.21275,0.4015,0.75
RT-LOC005-LOC017-LOC006,69,110.2,107.0,0.464,0.464,0.43704347826086953,0.5792608695652174,0.39307246376811594,0.536
RT-LOC005-LOC018,6,126.0,135.0,0.333,0.333,0.4278333333333333,0.4985,0.37833333333333335,0.667
RT-LOC005-LOC018-LOC012,15,142.6,130.0,0.667,0.667,0.32253333333333334,0.46193333333333336,0.3608,0.333
RT-LOC005-LOC018-LOC019,28,126.6,101.0,0.571,0.571,0.3685714285714286,0.35753571428571423,0.3912857142857143,0.429
RT-LOC005-LOC018-LOC061,7,94.9,98.0,0.571,0.571,0.2842857142857143,0.5032857142857143,0.39385714285714285,0.429
RT-LOC005-LOC018-LOC062,106,91.1,83.0,0.321,0.321,0.16382075471698113,0.4044811320754717,0.41626415094339625,0.679
RT-LOC005-LOC059,4,117.2,110.5,0.25,0.25,0.16799999999999998,0.9259999999999999,0.53625,0.75
RT-LOC005-LOC059-LOC060,27,130.6,115.0,0.556,0.556,0.29603703703703704,0.6742962962962963,0.37292592592592594,0.444
RT-LOC006-LOC003,4,180.5,146.5,0.25,0.25,0.3745,0.66425,0.33825,0.75
RT-LOC006-LOC003-LOC007,112,121.5,116.5,0.446,0.446,0.46432142857142855,0.5340892857142857,0.4042589285714286,0.554
RT-LOC006-LOC059,5,87.8,82.0,0.6,0.6,0.3364,0.31379999999999997,0.26180000000000003,0.4
RT-LOC006-LOC059-LOC005,255,117.1,104.0,0.455,0.455,0.3461098039215686,0.49617647058823533,0.4178313725490196,0.545
RT-LOC006-LOC059-LOC017,8,73.9,61.5,0.375,0.375,0.341875,0.520625,0.30862500000000004,0.625
RT-LOC006-LOC059-LOC060,30,117.7,116.5,0.633,0.633,0.3063,0.4496333333333334,0.5021,0.367
RT-LOC007-LOC006,5,145.2,135.0,0.8,0.8,0.4084,0.558,0.44020000000000004,0.2
RT-LOC007-LOC006-LOC003,5,164.8,139.0,0.4,0.4,0.3738,0.5972,0.3518,0.6
RT-LOC007-LOC006-LOC059,298,114.3,105.0,0.46,0.46,0.36008389261744966,0.49000671140939595,0.4028389261744967,0.54
RT-LOC007-LOC052,2,136.0,136.0,0.5,0.5,0.4575,0.622,0.798,0.5
RT-LOC007-LOC052-LOC009,74,126.8,110.0,0.568,0.568,0.46904054054054056,0.5171351351351351,0.3947162162162162,0.432
RT-LOC007-LOC052-LOC053,8,106.9,122.5,0.375,0.375,0.438,0.409,0.47300000000000003,0.625
RT-LOC008-LOC009,12,142.7,140.5,0.833,0.833,0.46608333333333335,0.7555833333333334,0.38775,0.167
RT-LOC008-LOC009-LOC010,365,118.0,106.0,0.43,0.43,0.3216876712328767,0.5515945205479452,0.40137808219178084,0.57
RT-LOC008-LOC009-LOC054,10,127.5,124.5,0.7,0.7,0.4756,0.5967,0.2779,0.3
RT-LOC008-LOC009-LOC055,26,126.5,120.5,0.462,0.462,0.42196153846153844,0.581076923076923,0.38919230769230767,0.538
RT-LOC009-LOC008,6,101.7,104.5,0.333,0.333,0.321,0.5993333333333334,0.4041666666666666,0.667
RT-LOC009-LOC010,7,119.6,119.0,0.571,0.571,0.3258571428571429,0.6634285714285715,0.4431428571428571,0.429
RT-LOC009-LOC010-LOC020,376,111.7,103.5,0.436,0.436,0.31218617021276596,0.5199255319148935,0.39878191489361703,0.564
RT-LOC009-LOC054,5,167.0,178.0,0.2,0.2,0.5551999999999999,0.43579999999999997,0.403,0.8
RT-LOC009-LOC054-LOC053,5,123.0,138.0,0.6,0.6,0.5896000000000001,0.317,0.21939999999999998,0.4
RT-LOC009-LOC055,7,92.0,83.0,0.286,0.286,0.31285714285714283,0.40099999999999997,0.42842857142857144,0.714
RT-LOC009-LOC055-LOC056,7,126.9,112.0,0.286,0.286,0.3575714285714286,0.40071428571428575,0.3895714285714286,0.714
RT-LOC009-LOC055-LOC057,9,112.3,110.0,0.333,0.333,0.43277777777777776,0.47611111111111115,0.4708888888888889,0.667
RT-LOC009-LOC055-LOC058,6,84.5,83.0,0.833,0.833,0.37399999999999994,0.5873333333333334,0.33016666666666666,0.167
RT-LOC010-LOC008,4,72.0,69.0,0.75,0.75,0.41925,0.3405,0.39675,0.25
RT-LOC010-LOC008-LOC009,39,124.4,114.0,0.41,0.41,0.3809230769230769,0.5518461538461538,0.45407692307692304,0.59
RT-LOC010-LOC020,4,99.5,96.0,0.0,0.0,0.25675,0.087,0.6255,1.0
RT-LOC010-LOC020-LOC021,189,128.2,118.0,0.46,0.46,0.39874074074074073,0.5104021164021164,0.4120264550264551,0.54
RT-LOC010-LOC020-LOC022,6,113.0,117.0,0.333,0.333,0.35600000000000004,0.2795,0.41416666666666674,0.667
RT-LOC010-LOC020-LOC023,165,101.6,93.0,0.382,0.382,0.23853939393939394,0.4727636363636364,0.38253333333333334,0.618
RT-LOC011-LOC056,3,151.7,134.0,1.0,1.0,0.4483333333333333,0.7333333333333334,0.4423333333333333,0.0
RT-LOC011-LOC056-LOC054,380,119.9,109.0,0.518,0.518,0.34421315789473683,0.5555526315789474,0.4028342105263158,0.482
RT-LOC011-LOC057,6,109.3,104.5,0.667,0.667,0.5978333333333333,0.6805,0.19516666666666668,0.333
RT-LOC011-LOC058,4,180.0,177.0,1.0,1.0,0.59825,0.89825,0.45,0.0
RT-LOC011-LOC058-LOC055,6,104.0,112.0,0.5,0.5,0.4681666666666667,0.556,0.5441666666666666,0.5
RT-LOC012-LOC018,4,119.5,90.5,0.0,0.0,0.223,0.34775,0.37024999999999997,1.0
RT-LOC012-LOC018-LOC019,79,115.8,105.0,0.43,0.43,0.3329367088607595,0.3278860759493671,0.37875949367088607,0.57
RT-LOC012-LOC018-LOC059,70,108.1,98.0,0.443,0.443,0.3437857142857143,0.5477142857142857,0.433,0.557
RT-LOC012-LOC018-LOC061,13,119.1,90.0,0.231,0.231,0.1992307692307692,0.4296153846153846,0.3436153846153846,0.769
RT-LOC012-LOC018-LOC062,32,89.1,76.0,0.312,0.312,0.17371875,0.35146875,0.37853125,0.688
RT-LOC012-LOC030,4,87.0,77.5,0.25,0.25,0.22975,0.37475,0.48200000000000004,0.75
RT-LOC012-LOC030-LOC016,28,111.8,101.0,0.357,0.357,0.3549285714285714,0.5231071428571429,0.4104285714285714,0.643
RT-LOC012-LOC064,7,141.0,114.0,0.143,0.143,0.3348571428571429,0.7432857142857143,0.584,0.857
RT-LOC012-LOC067,10,146.4,137.0,0.5,0.5,0.3476,0.7272000000000001,0.3823,0.5
RT-LOC012-LOC067-LOC065,104,109.5,106.5,0.423,0.423,0.16846153846153847,0.5261538461538462,0.41292307692307695,0.577
RT-LOC012-LOC067-LOC068,52,125.1,109.0,0.481,0.481,0.29128846153846155,0.5781346153846154,0.38907692307692304,0.519
RT-LOC013-LOC019,6,69.7,61.5,0.333,0.333,0.13483333333333333,0.29233333333333333,0.36366666666666664,0.667
RT-LOC013-LOC019-LOC022,67,115.2,111.0,0.388,0.388,0.3177910447761194,0.3387313432835821,0.4276567164179104,0.612
RT-LOC013-LOC019-LOC023,5,102.4,99.0,0.4,0.4,0.2542,0.5780000000000001,0.3124,0.6
RT-LOC013-LOC024,3,114.0,121.0,0.333,0.333,0.063,0.484,0.5453333333333333,0.667
RT-LOC013-LOC024-LOC026,10,101.1,97.5,0.3,0.3,0.1336,0.33540000000000003,0.5334000000000001,0.7
RT-LOC013-LOC024-LOC027,10,72.1,69.5,0.3,0.3,0.039999999999999994,0.3358,0.27959999999999996,0.7
RT-LOC013-LOC060,4,220.5,172.5,1.0,1.0,0.55025,0.78825,0.50575,0.0
RT-LOC013-LOC060-LOC059,128,121.0,116.0,0.594,0.594,0.4089375,0.56634375,0.3960703125,0.406
RT-LOC013-LOC061,3,124.3,105.0,0.0,0.0,0.2643333333333333,0.25633333333333336,0.44333333333333336,1.0
RT-LOC013-LOC061-LOC018,15,137.9,116.0,0.267,0.267,0.27540000000000003,0.5128,0.3439333333333333,0.733
RT-LOC013-LOC062,6,114.0,96.0,0.333,0.333,0.1745,0.6883333333333334,0.3925,0.667
RT-LOC013-LOC062-LOC066,133,88.4,78.0,0.293,0.293,0.12821804511278195,0.4448496240601504,0.44135338345864666,0.707
RT-LOC013-LOC063,5,105.6,96.0,0.4,0.4,0.3654,0.492,0.5072,0.6
RT-LOC014-LOC031,4,45.2,45.0,0.0,0.0,0.0765,0.14325,0.38375000000000004,1.0
RT-LOC014-LOC031-LOC068,2,134.5,134.5,1.0,1.0,0.111,0.6335,0.15000000000000002,0.0
RT-LOC014-LOC031-LOC069,47,98.4,85.0,0.489,0.489,0.26585106382978724,0.27714893617021275,0.4299574468085106,0.511
RT-LOC014-LOC031-LOC070,73,102.3,96.0,0.521,0.521,0.2842465753424658,0.4706849315068493,0.40515068493150685,0.479
RT-LOC014-LOC032,3,102.3,97.0,0.0,0.0,0.299,0.5623333333333334,0.5379999999999999,1.0
RT-LOC014-LOC032-LOC033,54,92.5,79.5,0.481,0.481,0.16199999999999998,0.528425925925926,0.35109259259259257,0.519
RT-LOC014-LOC032-LOC065,184,113.5,104.0,0.424,0.424,0.24519565217391304,0.6071739130434782,0.3995815217391304,0.576
RT-LOC014-LOC034,4,83.0,87.0,0.75,0.75,0.0945,0.452,0.49975,0.25
RT-LOC015-LOC036,6,156.7,136.5,0.667,0.667,0.4668333333333334,0.8018333333333333,0.2906666666666667,0.333
RT-LOC015-LOC036-LOC048,14,133.1,133.5,0.5,0.5,0.40535714285714286,0.7220000000000001,0.3192857142857143,0.5
RT-LOC015-LOC045-LOC038,41,95.3,84.0,0.341,0.341,0.28448780487804876,0.3291707317073171,0.39292682926829264,0.659
RT-LOC015-LOC045-LOC074,25,99.7,98.0,0.4,0.4,0.35636,0.44920000000000004,0.41647999999999996,0.6
RT-LOC015-LOC069,7,154.1,142.0,0.571,0.571,0.5588571428571428,0.43785714285714283,0.5675714285714285,0.429
RT-LOC015-LOC069-LOC016,230,106.8,101.0,0.461,0.461,0.34956086956521737,0.42026521739130435,0.4101304347826087,0.539
RT-LOC015-LOC069-LOC031,35,109.7,97.0,0.371,0.371,0.3394857142857143,0.4566,0.3534285714285715,0.629
RT-LOC015-LOC069-LOC070,36,122.6,121.0,0.583,0.583,0.39452777777777776,0.5245000000000001,0.43333333333333335,0.417
RT-LOC015-LOC073,5,121.8,124.0,0.2,0.2,0.4396,0.44820000000000004,0.39180000000000004,0.8
RT-LOC016-LOC030,4,123.8,128.5,0.75,0.75,0.63575,0.458,0.28574999999999995,0.25
RT-LOC016-LOC030-LOC002,59,126.1,116.0,0.542,0.542,0.41661016949152546,0.6353898305084745,0.4255593220338983,0.458
RT-LOC016-LOC030-LOC012,142,105.7,99.5,0.444,0.444,0.32618309859154926,0.4145352112676056,0.39253521126760565,0.556
RT-LOC016-LOC030-LOC067,108,105.0,92.5,0.352,0.352,0.2652037037037037,0.44136111111111115,0.4005185185185185,0.648
RT-LOC016-LOC049,5,91.0,93.0,0.2,0.2,0.3574,0.182,0.4452,0.8
RT-LOC016-LOC049-LOC050,11,114.5,104.0,0.545,0.545,0.2768181818181818,0.5305454545454545,0.4485454545454546,0.455
RT-LOC016-LOC049-LOC071,7,90.9,85.0,0.286,0.286,0.3267142857142857,0.3581428571428571,0.4947142857142857,0.714
RT-LOC016-LOC049-LOC072,6,121.0,120.5,0.833,0.833,0.4066666666666667,0.43,0.4303333333333333,0.167
RT-LOC016-LOC068,10,97.0,95.0,0.2,0.2,0.2967,0.2683,0.4361,0.8
RT-LOC016-LOC069,6,92.8,79.0,0.5,0.5,0.4613333333333333,0.23983333333333334,0.33416666666666667,0.5
RT-LOC016-LOC069-LOC015,37,111.5,106.0,0.541,0.541,0.37145945945945946,0.33675675675675676,0.38972972972972975,0.459
RT-LOC016-LOC070,4,88.0,87.0,0.25,0.25,0.31175,0.7095,0.40625,0.75
RT-LOC016-LOC070-LOC031,9,168.3,116.0,0.556,0.556,0.41344444444444445,0.6154444444444445,0.4934444444444444,0.444
RT-LOC017-LOC002,5,110.2,102.0,0.4,0.4,0.2946,0.6866,0.3144,0.6
RT-LOC017-LOC002-LOC029,153,131.5,120.0,0.51,0.51,0.4557320261437909,0.5415686274509803,0.3897843137254902,0.49
RT-LOC017-LOC006,2,127.0,127.0,0.5,0.5,0.27249999999999996,0.9405,0.5215000000000001,0.5
RT-LOC017-LOC006-LOC003,96,124.1,117.0,0.469,0.469,0.4441145833333333,0.6489166666666667,0.37311458333333336,0.531
RT-LOC017-LOC059,5,112.8,91.0,0.6,0.6,0.49939999999999996,0.593,0.281,0.4
RT-LOC017-LOC059-LOC005,120,109.6,103.0,0.4,0.4,0.28839166666666666,0.5014583333333333,0.3858666666666667,0.6
RT-LOC017-LOC059-LOC060,36,138.1,131.0,0.306,0.306,0.36091666666666666,0.5715277777777777,0.4202222222222222,0.694
RT-LOC018-LOC012,5,130.4,128.0,0.4,0.4,0.1146,0.33120000000000005,0.4718,0.6
RT-LOC018-LOC012-LOC030,8,135.9,107.5,0.5,0.5,0.210375,0.390125,0.41400000000000003,0.5
RT-LOC018-LOC012-LOC064,4,129.8,143.5,0.5,0.5,0.199,0.65575,0.49025,0.5
RT-LOC018-LOC012-LOC067,25,118.4,109.0,0.36,0.36,0.26452,0.48256,0.38756,0.64
RT-LOC018-LOC019,11,73.6,63.0,0.545,0.545,0.27554545454545454,0.19872727272727272,0.3831818181818182,0.455
RT-LOC018-LOC019-LOC022,69,102.7,101.0,0.319,0.319,0.3441304347826087,0.311463768115942,0.4593768115942029,0.681
RT-LOC018-LOC019-LOC023,2,111.5,111.5,0.0,0.0,0.35750000000000004,0.346,0.5175000000000001,1.0
RT-LOC018-LOC059,4,175.8,124.5,1.0,1.0,0.31425000000000003,0.59575,0.473,0.0
RT-LOC018-LOC059-LOC005,51,105.3,97.0,0.588,0.588,0.42513725490196075,0.5582156862745098,0.3608823529411765,0.412
RT-LOC018-LOC059-LOC006,16,124.4,108.0,0.375,0.375,0.275875,0.4763125,0.3690625,0.625
RT-LOC018-LOC059-LOC017,6,94.3,97.0,0.5,0.5,0.32866666666666666,0.6061666666666666,0.43933333333333335,0.5
RT-LOC018-LOC061,5,91.0,92.0,0.4,0.4,0.1414,0.4208,0.4382,0.6
RT-LOC018-LOC061-LOC013,9,94.1,75.0,0.444,0.444,0.22766666666666666,0.328,0.34788888888888886,0.556
RT-LOC018-LOC061-LOC060,7,109.9,105.0,0.429,0.429,0.21371428571428572,0.6052857142857143,0.38471428571428573,0.571
RT-LOC018-LOC062,8,60.5,49.5,0.375,0.375,0.085875,0.31525000000000003,0.427625,0.625
RT-LOC018-LOC062-LOC063,21,96.0,93.0,0.381,0.381,0.17461904761904762,0.4010952380952381,0.4134285714285714,0.619
RT-LOC018-LOC062-LOC066,132,85.2,77.0,0.303,0.303,0.12543181818181817,0.39649242424242426,0.3979696969696969,0.697
RT-LOC019-LOC013,3,75.0,71.0,0.333,0.333,0.38433333333333336,0.548,0.18033333333333335,0.667
RT-LOC019-LOC013-LOC024,28,80.2,70.5,0.286,0.286,0.15596428571428572,0.46203571428571427,0.3697142857142857,0.714
RT-LOC019-LOC013-LOC061,23,131.3,121.0,0.565,0.565,0.2979565217391304,0.5652608695652174,0.32560869565217393,0.435
RT-LOC019-LOC013-LOC062,113,93.5,91.0,0.354,0.354,0.1587433628318584,0.47323893805309736,0.4264601769911504,0.646
RT-LOC019-LOC013-LOC063,5,98.4,97.0,0.8,0.8,0.3912,0.5828,0.41180000000000005,0.2
RT-LOC019-LOC022,4,72.0,63.5,0.25,0.25,0.188,0.369,0.3405,0.75
RT-LOC019-LOC022-LOC021,69,114.4,109.0,0.406,0.406,0.37231884057971015,0.3807101449275362,0.37279710144927536,0.594
RT-LOC019-LOC023,7,114.4,105.0,0.143,0.143,0.35314285714285715,0.764,0.4174285714285714,0.857
RT-LOC019-LOC060,3,118.0,109.0,0.333,0.333,0.10266666666666667,0.6819999999999999,0.158,0.667
RT-LOC019-LOC060-LOC059,152,110.3,101.0,0.454,0.454,0.3660592105263158,0.5269605263157895,0.38061184210526317,0.546
RT-LOC020-LOC010,8,187.6,174.0,0.5,0.5,0.567875,0.90875,0.337125,0.5
RT-LOC020-LOC010-LOC008,30,130.7,124.0,0.367,0.367,0.40913333333333335,0.6044333333333333,0.40996666666666665,0.633
RT-LOC020-LOC021,4,128.5,132.0,0.5,0.5,0.292,0.657,0.496,0.5
RT-LOC020-LOC021-LOC004,184,126.7,114.5,0.516,0.516,0.40794565217391304,0.5839619565217391,0.3890271739130435,0.484
RT-LOC020-LOC022,5,142.6,143.0,0.4,0.4,0.372,0.5646,0.42200000000000004,0.6
RT-LOC020-LOC023,7,158.4,170.0,0.429,0.429,0.3181428571428571,0.8374285714285714,0.3568571428571428,0.571
RT-LOC020-LOC023-LOC019,167,99.6,88.0,0.383,0.383,0.2280179640718563,0.5473832335329342,0.39850898203592816,0.617
RT-LOC021-LOC004,4,86.2,77.5,0.25,0.25,0.36975,0.552,0.40725,0.75
RT-LOC021-LOC004-LOC003,6,123.8,98.5,0.833,0.833,0.5033333333333333,0.7791666666666667,0.5251666666666667,0.167
RT-LOC021-LOC004-LOC007,161,119.8,113.0,0.571,0.571,0.4146086956521739,0.5443913043478261,0.3852670807453416,0.429
RT-LOC021-LOC004-LOC009,46,132.3,121.5,0.609,0.609,0.4587173913043478,0.4907173913043478,0.4210217391304348,0.391
RT-LOC021-LOC004-LOC052,11,142.7,122.0,0.636,0.636,0.44245454545454543,0.3277272727272727,0.4098181818181818,0.364
RT-LOC021-LOC010,4,96.0,96.0,0.5,0.5,0.33999999999999997,0.38625,0.6405,0.5
RT-LOC021-LOC020,10,127.5,97.5,0.4,0.4,0.5402,0.1849,0.33599999999999997,0.6
RT-LOC021-LOC020-LOC023,144,112.2,101.5,0.361,0.361,0.2765486111111111,0.49320833333333336,0.3892083333333333,0.639
RT-LOC021-LOC022,8,134.9,106.5,0.5,0.5,0.297375,0.581375,0.42325,0.5
RT-LOC022-LOC021,7,92.1,99.0,0.286,0.286,0.2928571428571428,0.13399999999999998,0.41685714285714287,0.714
RT-LOC022-LOC021-LOC004,203,126.7,120.0,0.463,0.463,0.41372906403940884,0.4728128078817734,0.3841428571428571,0.537
RT-LOC022-LOC021-LOC010,4,79.0,78.5,0.5,0.5,0.281,0.1955,0.53825,0.5
RT-LOC022-LOC021-LOC020,164,110.2,102.0,0.457,0.457,0.28853048780487806,0.43324390243902444,0.3826219512195122,0.543
RT-LOC023-LOC019,9,88.4,85.0,0.667,0.667,0.3427777777777778,0.7125555555555556,0.3327777777777778,0.333
RT-LOC023-LOC019-LOC013,155,93.9,84.0,0.381,0.381,0.21443225806451613,0.5121741935483871,0.3638,0.619
RT-LOC023-LOC019-LOC060,125,118.0,111.0,0.464,0.464,0.382504,0.558712,0.39593599999999995,0.536
RT-LOC023-LOC020,2,134.0,134.0,1.0,1.0,0.3435,0.6545000000000001,0.41050000000000003,0.0
RT-LOC023-LOC020-LOC010,11,130.4,138.0,0.364,0.364,0.4218181818181818,0.6965454545454546,0.40645454545454546,0.636
RT-LOC023-LOC022,8,93.2,68.0,0.25,0.25,0.29675,0.509125,0.23525000000000001,0.75
RT-LOC023-LOC022-LOC021,86,119.6,105.0,0.512,0.512,0.41048837209302325,0.42296511627906974,0.40354651162790695,0.488
RT-LOC024-LOC013,5,78.8,80.0,0.2,0.2,0.0,0.8106,0.5958,0.8
RT-LOC024-LOC013-LOC019,69,103.2,90.0,0.449,0.449,0.27520289855072466,0.4244492753623188,0.4112173913043478,0.551
RT-LOC024-LOC013-LOC060,114,111.8,101.0,0.553,0.553,0.3328859649122807,0.5635701754385964,0.4246842105263158,0.447
RT-LOC024-LOC013-LOC061,18,100.1,76.5,0.278,0.278,0.13594444444444445,0.5154444444444445,0.3773888888888889,0.722
RT-LOC024-LOC026,7,80.4,86.0,0.571,0.571,0.22942857142857145,0.227,0.37071428571428566,0.429
RT-LOC024-LOC027,5,39.6,31.0,0.2,0.2,0.027600000000000003,0.154,0.3288,0.8
RT-LOC024-LOC027-LOC025,6,126.8,109.0,0.667,0.667,0.016666666666666666,0.48866666666666675,0.49700000000000005,0.333
RT-LOC024-LOC027-LOC063,149,91.0,77.0,0.369,0.369,0.12175167785234899,0.4129530201342282,0.3814026845637584,0.631
RT-LOC025-LOC026,2,133.0,133.0,0.0,0.0,0.23249999999999998,0.404,0.608,1.0
RT-LOC025-LOC027,7,50.7,59.0,0.143,0.143,0.0,0.2317142857142857,0.35400000000000004,0.857
RT-LOC025-LOC027-LOC024,8,47.2,35.5,0.5,0.5,0.0435,0.344625,0.37675000000000003,0.5
RT-LOC025-LOC027-LOC063,390,101.3,92.0,0.405,0.405,0.19326923076923078,0.44885641025641027,0.3917205128205128,0.595
RT-LOC026-LOC027,8,92.5,100.5,0.25,0.25,0.0,0.214625,0.42112499999999997,0.75
RT-LOC026-LOC027-LOC024,3,44.7,51.0,0.333,0.333,0.032,0.23299999999999998,0.264,0.667
RT-LOC026-LOC027-LOC025,5,93.2,79.0,0.4,0.4,0.0,0.44239999999999996,0.595,0.6
RT-LOC026-LOC027-LOC063,381,100.8,88.0,0.404,0.404,0.18171391076115487,0.4403333333333333,0.3959580052493439,0.596
RT-LOC027-LOC024,3,107.7,127.0,1.0,1.0,0.07366666666666667,0.4586666666666666,0.448,0.0
RT-LOC027-LOC025,5,79.6,99.0,0.6,0.6,0.0,0.4838,0.5224,0.4
RT-LOC027-LOC026,6,109.7,121.0,0.333,0.333,0.18983333333333333,0.8488333333333333,0.32116666666666666,0.667
RT-LOC027-LOC063,6,101.2,95.0,0.0,0.0,0.0,0.7520000000000001,0.4003333333333334,1.0
RT-LOC027-LOC063-LOC013,35,112.4,115.0,0.343,0.343,0.16362857142857143,0.5196,0.4774857142857143,0.657
RT-LOC027-LOC063-LOC061,190,112.6,96.0,0.463,0.463,0.3265105263157895,0.5295578947368421,0.3996473684210526,0.537
RT-LOC027-LOC063-LOC062,43,110.1,99.0,0.465,0.465,0.21541860465116278,0.5666279069767441,0.4523953488372093,0.535
RT-LOC027-LOC063-LOC064,6,78.8,73.5,0.5,0.5,0.06949999999999999,0.525,0.324,0.5
RT-LOC027-LOC063-LOC066,140,95.4,84.0,0.35,0.35,0.12409285714285716,0.3948285714285715,0.4121,0.65
RT-LOC028-LOC050,7,133.6,68.0,0.714,0.714,0.682,0.2385714285714286,0.2611428571428571,0.286
RT-LOC028-LOC050-LOC016,292,115.6,108.5,0.476,0.476,0.4161335616438356,0.4447568493150685,0.3928356164383562,0.524
RT-LOC028-LOC051,5,168.2,137.0,0.4,0.4,0.5686,0.4774,0.5742,0.6
RT-LOC028-LOC051-LOC029,90,137.0,125.5,0.489,0.489,0.5325,0.48097777777777784,0.40900000000000003,0.511
RT-LOC028-LOC071,8,123.2,119.5,0.625,0.625,0.316125,0.677125,0.41925,0.375
RT-LOC029-LOC001,5,93.4,57.0,0.4,0.4,0.34340000000000004,0.4868,0.41340000000000005,0.6
RT-LOC029-LOC001-LOC002,15,137.0,107.0,0.733,0.733,0.3295333333333333,0.6359333333333334,0.4216666666666667,0.267
RT-LOC029-LOC007,7,99.4,86.0,0.429,0.429,0.3002857142857143,0.28357142857142853,0.30885714285714283,0.571
RT-LOC029-LOC007-LOC004,5,119.2,116.0,0.2,0.2,0.3868,0.5394,0.324,0.8
RT-LOC029-LOC007-LOC006,20,143.8,125.5,0.25,0.25,0.3938,0.42505,0.41035000000000005,0.75
RT-LOC029-LOC007-LOC052,86,123.7,102.0,0.488,0.488,0.43877906976744185,0.4223953488372093,0.4165697674418605,0.512
RT-LOC029-LOC051,7,123.6,143.0,0.714,0.714,0.7155714285714286,0.7718571428571429,0.36914285714285716,0.286
RT-LOC029-LOC051-LOC028,245,133.0,117.0,0.518,0.518,0.46275102040816324,0.5138857142857143,0.4180408163265306,0.482
RT-LOC030-LOC002,3,149.3,140.0,0.333,0.333,0.18533333333333335,0.7120000000000001,0.6536666666666667,0.667
RT-LOC030-LOC002-LOC006,34,133.2,127.0,0.559,0.559,0.39288235294117646,0.6871764705882353,0.44541176470588234,0.441
RT-LOC030-LOC002-LOC017,5,141.8,112.0,0.4,0.4,0.3634,0.5696,0.373,0.6
RT-LOC030-LOC002-LOC029,23,99.1,90.0,0.522,0.522,0.29686956521739133,0.5840434782608696,0.3149130434782609,0.478
RT-LOC030-LOC012,3,87.0,88.0,0.0,0.0,0.3293333333333333,0.399,0.33433333333333337,1.0
RT-LOC030-LOC012-LOC018,132,104.0,94.5,0.447,0.447,0.2933636363636363,0.37006818181818185,0.4264090909090909,0.553
RT-LOC030-LOC016,6,118.7,108.5,0.833,0.833,0.49466666666666664,0.7440000000000001,0.4175,0.167
RT-LOC030-LOC016-LOC049,31,112.4,106.0,0.581,0.581,0.4005161290322581,0.5606451612903226,0.3951612903225806,0.419
RT-LOC030-LOC016-LOC068,6,93.5,79.5,0.5,0.5,0.3825,0.4885,0.29350000000000004,0.5
RT-LOC030-LOC016-LOC069,55,113.3,104.0,0.509,0.509,0.38832727272727274,0.44176363636363636,0.3940545454545455,0.491
RT-LOC030-LOC016-LOC070,20,136.0,122.5,0.65,0.65,0.3914,0.79975,0.3862,0.35
RT-LOC030-LOC067,2,121.0,121.0,0.5,0.5,0.588,0.208,0.07500000000000001,0.5
RT-LOC030-LOC067-LOC064,8,143.8,146.0,0.5,0.5,0.441875,0.3925,0.559,0.5
RT-LOC030-LOC067-LOC065,88,96.3,86.0,0.42,0.42,0.18903409090909093,0.4155909090909091,0.3813295454545455,0.58
RT-LOC031-LOC014,1,116.0,116.0,1.0,1.0,0.207,0.104,0.611,0.0
RT-LOC031-LOC014-LOC032,10,115.5,92.5,0.6,0.6,0.1775,0.5502,0.34650000000000003,0.4
RT-LOC031-LOC033,9,130.8,135.0,0.778,0.778,0.15966666666666668,0.8738888888888889,0.3857777777777778,0.222
RT-LOC031-LOC033-LOC035,25,102.3,88.0,0.4,0.4,0.19504000000000002,0.52608,0.38060000000000005,0.6
RT-LOC031-LOC034,6,98.7,74.0,0.333,0.333,0.09550000000000002,0.10816666666666667,0.4676666666666667,0.667
RT-LOC031-LOC068,6,79.5,84.5,0.333,0.333,0.19666666666666666,0.751,0.304,0.667
RT-LOC031-LOC069,5,121.0,111.0,0.2,0.2,0.45280000000000004,0.23679999999999998,0.3162,0.8
RT-LOC031-LOC069-LOC015,78,99.1,96.5,0.462,0.462,0.310525641025641,0.37219230769230766,0.4141025641025641,0.538
RT-LOC031-LOC070,8,95.9,97.0,0.5,0.5,0.276125,0.378375,0.551375,0.5
RT-LOC031-LOC070-LOC016,222,113.2,105.5,0.468,0.468,0.33663513513513516,0.47398648648648645,0.42192792792792794,0.532
RT-LOC031-LOC070-LOC049,28,102.0,94.0,0.5,0.5,0.3700357142857143,0.5581785714285714,0.4210357142857143,0.5
RT-LOC032-LOC033,4,73.5,81.5,0.25,0.25,0.0,0.37975000000000003,0.26399999999999996,0.75
RT-LOC032-LOC033-LOC014,52,96.1,79.5,0.288,0.288,0.18448076923076923,0.3905,0.385,0.712
RT-LOC032-LOC033-LOC035,101,89.9,84.0,0.376,0.376,0.163,0.41842574257425746,0.44435643564356436,0.624
RT-LOC032-LOC034,4,80.8,70.5,0.75,0.75,0.098,0.6125,0.333,0.25
RT-LOC032-LOC065,9,108.7,109.0,0.444,0.444,0.14277777777777778,0.6404444444444445,0.3978888888888889,0.556
RT-LOC032-LOC065-LOC066,39,109.6,94.0,0.385,0.385,0.18769230769230769,0.5085128205128205,0.44387179487179484,0.615
RT-LOC032-LOC065-LOC067,187,110.8,106.0,0.513,0.513,0.2528823529411765,0.5855294117647059,0.39789304812834225,0.487
RT-LOC033-LOC014,4,97.2,98.0,0.5,0.5,0.21050000000000002,0.321,0.41325,0.5
RT-LOC033-LOC014-LOC031,77,94.0,83.0,0.377,0.377,0.256038961038961,0.37492207792207793,0.38911688311688314,0.623
RT-LOC033-LOC034,5,39.6,37.0,0.0,0.0,0.0764,0.20859999999999998,0.3708,1.0
RT-LOC033-LOC034-LOC032,221,99.5,90.0,0.398,0.398,0.1986606334841629,0.49245701357466065,0.40256561085972853,0.602
RT-LOC033-LOC035,7,80.4,59.0,0.286,0.286,0.2072857142857143,0.15485714285714286,0.27685714285714286,0.714
RT-LOC033-LOC035-LOC036,17,121.0,100.0,0.412,0.412,0.1926470588235294,0.3998235294117647,0.43235294117647055,0.588
RT-LOC033-LOC035-LOC037,65,106.3,97.0,0.431,0.431,0.2144,0.49141538461538464,0.36686153846153846,0.569
RT-LOC033-LOC035-LOC048,5,63.0,69.0,0.2,0.2,0.1752,0.327,0.2796,0.8
RT-LOC034-LOC032,5,69.2,57.0,0.4,0.4,0.0,0.45779999999999993,0.3628,0.6
RT-LOC034-LOC032-LOC065,225,101.7,91.0,0.413,0.413,0.20197333333333334,0.5427644444444445,0.3701288888888889,0.587
RT-LOC034-LOC033,2,78.0,78.0,0.0,0.0,0.252,0.2175,0.2475,1.0
RT-LOC034-LOC033-LOC014,64,111.0,87.5,0.375,0.375,0.270515625,0.36765625,0.427296875,0.625
RT-LOC034-LOC033-LOC035,89,102.2,89.0,0.461,0.461,0.2445056179775281,0.41860674157303374,0.4011910112359551,0.539
RT-LOC035-LOC033,4,109.0,101.5,0.5,0.5,0.25525,0.09825,0.35775,0.5
RT-LOC035-LOC033-LOC014,11,103.5,74.0,0.182,0.182,0.169,0.1799090909090909,0.3064545454545455,0.818
RT-LOC035-LOC033-LOC034,53,86.4,75.0,0.434,0.434,0.1510754716981132,0.39767924528301885,0.3840188679245283,0.566
RT-LOC035-LOC036,4,139.8,142.5,0.5,0.5,0.11075000000000002,0.7445,0.6225,0.5
RT-LOC035-LOC036-LOC015,253,113.1,101.0,0.439,0.439,0.31053754940711464,0.48741501976284585,0.38745059288537553,0.561
RT-LOC035-LOC037,5,123.2,113.0,0.4,0.4,0.2284,0.8315999999999999,0.5074,0.6
RT-LOC035-LOC037-LOC038,62,107.0,88.0,0.339,0.339,0.20520967741935486,0.5592903225806451,0.34880645161290325,0.661
RT-LOC035-LOC037-LOC040,4,114.5,116.5,0.0,0.0,0.24025,0.5215000000000001,0.47475,1.0
RT-LOC035-LOC048,4,138.5,153.0,0.25,0.25,0.17875000000000002,0.42775,0.32399999999999995,0.75
RT-LOC036-LOC015,3,87.3,81.0,0.0,0.0,0.22833333333333336,0.30133333333333334,0.30633333333333335,1.0
RT-LOC036-LOC015-LOC069,290,103.5,95.0,0.476,0.476,0.34738620689655175,0.4350896551724138,0.4029689655172414,0.524
RT-LOC036-LOC015-LOC073,2,65.0,65.0,0.0,0.0,0.497,0.4725,0.1475,1.0
RT-LOC036-LOC048,7,98.1,91.0,0.429,0.429,0.27785714285714286,0.8345714285714286,0.37842857142857145,0.571
RT-LOC036-LOC048-LOC037,88,93.8,90.0,0.307,0.307,0.23395454545454547,0.5360795454545454,0.3829204545454546,0.693
RT-LOC037-LOC035,7,77.7,84.0,0.571,0.571,0.11071428571428572,0.44257142857142856,0.5091428571428571,0.429
RT-LOC037-LOC035-LOC033,97,85.5,82.0,0.33,0.33,0.14203092783505153,0.348659793814433,0.4048144329896908,0.67
RT-LOC037-LOC035-LOC036,7,90.1,82.0,0.429,0.429,0.12814285714285714,0.5311428571428571,0.3082857142857143,0.571
RT-LOC037-LOC038,4,71.0,59.0,0.25,0.25,0.03125,0.2945,0.1385,0.75
RT-LOC037-LOC038-LOC039,5,70.8,59.0,0.4,0.4,0.0984,0.586,0.3942,0.6
RT-LOC037-LOC038-LOC045,276,111.1,104.0,0.475,0.475,0.32720289855072465,0.49526811594202896,0.40399275362318837,0.525
RT-LOC037-LOC038-LOC047,28,103.9,89.5,0.286,0.286,0.20710714285714288,0.42775,0.4268571428571429,0.714
RT-LOC037-LOC040,5,90.6,74.0,0.4,0.4,0.22640000000000002,0.0962,0.30500000000000005,0.6
RT-LOC037-LOC048,4,152.2,149.0,0.75,0.75,0.28275,0.887,0.376,0.25
RT-LOC038-LOC037,2,36.5,36.5,0.5,0.5,0.12,0.5774999999999999,0.578,0.5
RT-LOC038-LOC037-LOC035,29,82.4,66.0,0.379,0.379,0.1356206896551724,0.4387241379310345,0.4257241379310345,0.621
RT-LOC038-LOC039,6,81.2,74.0,0.167,0.167,0.11133333333333334,0.7873333333333333,0.40549999999999997,0.833
RT-LOC038-LOC040,4,85.5,78.0,0.75,0.75,0.33999999999999997,0.59975,0.28875,0.25
RT-LOC038-LOC045,7,144.3,146.0,0.857,0.857,0.4881428571428571,0.7707142857142857,0.3812857142857143,0.143
RT-LOC038-LOC045-LOC015,313,119.5,106.0,0.543,0.543,0.3575335463258786,0.5434281150159744,0.42115654952076675,0.457
RT-LOC038-LOC045-LOC073,10,138.1,114.5,0.7,0.7,0.49329999999999996,0.5404,0.4061,0.3
RT-LOC038-LOC045-LOC074,12,119.7,109.5,0.583,0.583,0.41775,0.6774999999999999,0.35141666666666665,0.417
RT-LOC038-LOC047,3,106.3,111.0,0.667,0.667,0.30833333333333335,0.28400000000000003,0.3383333333333334,0.333
RT-LOC038-LOC047-LOC042,11,106.0,98.0,0.364,0.364,0.29672727272727273,0.47018181818181815,0.38600000000000007,0.636
RT-LOC038-LOC047-LOC046,11,146.1,117.0,0.545,0.545,0.3034545454545455,0.4241818181818182,0.3634545454545455,0.455
RT-LOC038-LOC048,5,96.6,82.0,0.2,0.2,0.2716,0.716,0.3184,0.8
RT-LOC039-LOC040,6,80.7,81.0,0.167,0.167,0.12683333333333333,0.5461666666666667,0.4076666666666666,0.833
RT-LOC039-LOC040-LOC038,361,110.0,100.0,0.457,0.457,0.28285041551246537,0.5438947368421053,0.3961689750692521,0.543
RT-LOC039-LOC041,5,104.6,111.0,0.6,0.6,0.147,0.48719999999999997,0.5322,0.4
RT-LOC039-LOC041-LOC042,5,115.8,104.0,0.4,0.4,0.2,0.5518000000000001,0.3176,0.6
RT-LOC039-LOC047,4,131.0,122.5,0.0,0.0,0.076,0.8107500000000001,0.31725,1.0
RT-LOC039-LOC047-LOC046,28,97.1,87.5,0.321,0.321,0.23710714285714288,0.5808214285714286,0.40739285714285717,0.679
RT-LOC040-LOC038,3,58.0,51.0,0.0,0.0,0.025666666666666667,0.47233333333333327,0.33466666666666667,1.0
RT-LOC040-LOC038-LOC037,37,93.5,78.0,0.324,0.324,0.0917027027027027,0.5208918918918919,0.3782432432432432,0.676
RT-LOC040-LOC038-LOC045,325,107.9,101.0,0.471,0.471,0.3104523076923077,0.5361323076923077,0.41364923076923077,0.529
RT-LOC040-LOC038-LOC048,5,96.4,96.0,0.6,0.6,0.151,0.6971999999999999,0.3664,0.4
RT-LOC040-LOC039,1,128.0,128.0,1.0,1.0,0.287,0.507,0.589,0.0
RT-LOC040-LOC039-LOC041,9,145.1,116.0,0.667,0.667,0.21844444444444447,0.6856666666666666,0.32566666666666666,0.333
RT-LOC040-LOC039-LOC047,34,112.6,107.0,0.412,0.412,0.2585882352941176,0.6977941176470589,0.45449999999999996,0.588
RT-LOC041-LOC042,6,135.2,140.0,0.333,0.333,0.24716666666666667,0.7903333333333333,0.4043333333333334,0.667
RT-LOC041-LOC042-LOC047,382,122.0,113.5,0.429,0.429,0.34199738219895287,0.6013795811518324,0.3904476439790576,0.571
RT-LOC041-LOC046,6,97.2,98.5,0.5,0.5,0.334,0.453,0.38433333333333336,0.5
RT-LOC041-LOC046-LOC043,36,113.9,109.5,0.472,0.472,0.3478611111111111,0.5220555555555556,0.4118611111111111,0.528
RT-LOC042-LOC041,6,121.7,109.5,0.167,0.167,0.1325,0.6538333333333334,0.4721666666666667,0.833
RT-LOC042-LOC046,2,67.5,67.5,0.5,0.5,0.3155,0.1085,0.2525,0.5
RT-LOC042-LOC046-LOC043,21,106.5,102.0,0.381,0.381,0.3547619047619048,0.37438095238095237,0.4600952380952381,0.619
RT-LOC042-LOC047,3,101.3,104.0,0.0,0.0,0.515,0.668,0.25033333333333335,1.0
RT-LOC042-LOC047-LOC038,353,112.4,102.0,0.456,0.456,0.34622379603399434,0.5918951841359773,0.3945155807365439,0.544
RT-LOC042-LOC047-LOC039,14,108.8,101.5,0.5,0.5,0.2582857142857143,0.4650714285714286,0.4115714285714286,0.5
RT-LOC043-LOC044,6,121.8,103.5,0.667,0.667,0.5115,0.7494999999999999,0.347,0.333
RT-LOC043-LOC046,2,80.0,80.0,0.0,0.0,0.4085,0.1015,0.594,1.0
RT-LOC043-LOC046-LOC041,4,120.5,89.5,0.5,0.5,0.44725000000000004,0.1945,0.5445,0.5
RT-LOC043-LOC046-LOC042,8,111.6,110.5,0.625,0.625,0.386625,0.424,0.421875,0.375
RT-LOC043-LOC046-LOC047,14,83.9,66.5,0.5,0.5,0.4650714285714286,0.12471428571428571,0.38235714285714284,0.5
RT-LOC043-LOC074,5,134.4,127.0,0.4,0.4,0.3928,0.4614,0.6396,0.6
RT-LOC043-LOC074-LOC045,339,116.2,108.0,0.451,0.451,0.35721238938053096,0.54847197640118,0.4071563421828909,0.549
RT-LOC043-LOC074-LOC073,7,126.4,117.0,0.143,0.143,0.4401428571428571,0.43414285714285716,0.3172857142857143,0.857
RT-LOC043-LOC075,9,121.8,124.0,0.222,0.222,0.6524444444444444,0.10222222222222223,0.15755555555555556,0.778
RT-LOC044-LOC043,6,115.3,116.5,0.5,0.5,0.7143333333333333,0.18483333333333332,0.48266666666666663,0.5
RT-LOC044-LOC046,2,126.5,126.5,1.0,1.0,0.6695,0.34450000000000003,0.5940000000000001,0.0
RT-LOC044-LOC046-LOC041,5,135.2,143.0,0.8,0.8,0.6088,0.31779999999999997,0.5347999999999999,0.2
RT-LOC044-LOC046-LOC042,6,131.7,116.0,0.667,0.667,0.5166666666666667,0.4908333333333334,0.37200000000000005,0.333
RT-LOC044-LOC046-LOC047,2,110.5,110.5,0.5,0.5,0.6025,0.2615,0.40149999999999997,0.5
RT-LOC044-LOC074,6,123.7,102.5,0.5,0.5,0.632,0.25116666666666665,0.35533333333333333,0.5
RT-LOC044-LOC074-LOC045,359,121.2,112.0,0.476,0.476,0.39815041782729804,0.5273899721448468,0.4068941504178273,0.524
RT-LOC044-LOC074-LOC073,8,106.8,109.0,0.125,0.125,0.566875,0.257875,0.325875,0.875
RT-LOC044-LOC075,4,136.2,132.0,0.5,0.5,0.68475,0.382,0.1995,0.5
RT-LOC045-LOC015,7,117.1,135.0,0.714,0.714,0.33571428571428574,0.8801428571428571,0.3201428571428572,0.286
RT-LOC045-LOC015-LOC036,3,89.0,98.0,0.333,0.333,0.39366666666666666,0.5870000000000001,0.551,0.667
RT-LOC045-LOC015-LOC069,301,115.8,103.0,0.495,0.495,0.35214617940199333,0.49748837209302327,0.41330232558139535,0.505
RT-LOC045-LOC038,1,270.0,270.0,0.0,0.0,0.433,0.114,0.074,1.0
RT-LOC045-LOC038-LOC037,11,100.7,89.0,0.273,0.273,0.18418181818181817,0.5142727272727273,0.3439090909090909,0.727
RT-LOC045-LOC038-LOC039,3,86.3,98.0,0.333,0.333,0.21866666666666668,0.4223333333333334,0.355,0.667
RT-LOC045-LOC038-LOC040,8,119.6,120.0,0.0,0.0,0.327125,0.477375,0.471375,1.0
RT-LOC045-LOC038-LOC047,17,110.4,110.0,0.353,0.353,0.3164705882352941,0.2812941176470588,0.48376470588235293,0.647
RT-LOC045-LOC038-LOC048,5,97.0,74.0,0.6,0.6,0.2912,0.4462,0.4822,0.4
RT-LOC045-LOC073,6,109.7,110.0,0.333,0.333,0.49700000000000005,0.24783333333333335,0.39349999999999996,0.667
RT-LOC045-LOC074,7,93.1,83.0,0.571,0.571,0.4834285714285715,0.5231428571428571,0.47114285714285714,0.429
RT-LOC045-LOC074-LOC043,3,107.3,107.0,0.0,0.0,0.3666666666666667,0.7263333333333334,0.542,1.0
RT-LOC045-LOC074-LOC075,11,106.4,111.0,0.636,0.636,0.3850909090909091,0.5237272727272727,0.2779090909090909,0.364
RT-LOC046-LOC041,10,143.8,115.0,0.3,0.3,0.3825,0.2618,0.5017,0.7
RT-LOC046-LOC042,8,130.1,121.0,0.625,0.625,0.2595,0.702,0.459375,0.375
RT-LOC046-LOC043,4,95.0,98.0,0.0,0.0,0.23450000000000001,0.58075,0.34,1.0
RT-LOC046-LOC043-LOC044,3,98.7,108.0,0.0,0.0,0.441,0.5756666666666667,0.5379999999999999,1.0
RT-LOC046-LOC043-LOC074,9,99.2,100.0,0.556,0.556,0.3724444444444444,0.4808888888888889,0.32422222222222224,0.444
RT-LOC046-LOC043-LOC075,5,112.0,111.0,0.6,0.6,0.39180000000000004,0.3774,0.40540000000000004,0.4
RT-LOC046-LOC047,5,80.2,75.0,0.4,0.4,0.4176,0.127,0.143,0.6
RT-LOC046-LOC047-LOC038,348,110.9,102.5,0.431,0.431,0.35417241379310344,0.5064942528735632,0.404080459770115,0.569
RT-LOC046-LOC047-LOC039,4,144.8,114.0,0.5,0.5,0.272,0.13974999999999999,0.28200000000000003,0.5
RT-LOC047-LOC038,1,124.0,124.0,0.0,0.0,0.233,0.71,0.465,1.0
RT-LOC047-LOC038-LOC037,33,104.0,93.0,0.364,0.364,0.19648484848484848,0.6474242424242423,0.35239393939393937,0.636
RT-LOC047-LOC038-LOC045,285,118.5,107.0,0.456,0.456,0.3584771929824561,0.5509157894736842,0.4110561403508772,0.544
RT-LOC047-LOC038-LOC048,8,144.6,154.5,0.75,0.75,0.34875,0.76425,0.36825,0.25
RT-LOC047-LOC039,2,124.5,124.5,0.5,0.5,0.1765,0.098,0.5365,0.5
RT-LOC047-LOC039-LOC040,3,75.3,88.0,0.333,0.333,0.13633333333333333,0.38000000000000006,0.4586666666666666,0.667
RT-LOC047-LOC042,6,159.0,139.5,0.5,0.5,0.3358333333333334,0.7478333333333333,0.5248333333333334,0.5
RT-LOC047-LOC042-LOC041,9,163.3,145.0,0.889,0.889,0.3088888888888889,0.6728888888888889,0.4415555555555556,0.111
RT-LOC047-LOC046,6,88.7,76.5,0.5,0.5,0.22983333333333333,0.2333333333333333,0.5730000000000001,0.5
RT-LOC047-LOC046-LOC043,18,85.4,84.0,0.444,0.444,0.2838333333333333,0.4497777777777778,0.3905,0.556
RT-LOC048-LOC036,3,125.3,123.0,0.0,0.0,0.16033333333333333,0.6150000000000001,0.2793333333333333,1.0
RT-LOC048-LOC036-LOC015,242,117.7,104.0,0.479,0.479,0.3304876033057851,0.5034586776859504,0.3747314049586777,0.521
RT-LOC048-LOC037,10,112.8,104.5,0.4,0.4,0.2124,0.7413000000000001,0.3407,0.6
RT-LOC048-LOC037-LOC035,65,102.4,83.0,0.4,0.4,0.15564615384615382,0.4348461538461539,0.39392307692307693,0.6
RT-LOC048-LOC037-LOC038,64,101.8,90.0,0.344,0.344,0.2091875,0.5230625,0.402328125,0.656
RT-LOC048-LOC037-LOC040,7,118.6,130.0,0.143,0.143,0.26557142857142857,0.4401428571428572,0.4695714285714286,0.857
RT-LOC049-LOC050,10,105.0,93.0,0.5,0.5,0.3497,0.8842000000000001,0.24910000000000002,0.5
RT-LOC049-LOC050-LOC016,178,123.7,109.0,0.455,0.455,0.3548876404494382,0.5558876404494383,0.37780898876404495,0.545
RT-LOC049-LOC050-LOC028,6,130.0,116.5,0.667,0.667,0.2745,0.6821666666666667,0.38133333333333336,0.333
RT-LOC049-LOC050-LOC051,89,130.8,126.0,0.539,0.539,0.5038314606741573,0.48608988764044947,0.37312359550561797,0.461
RT-LOC049-LOC070,3,171.3,154.0,0.667,0.667,0.4323333333333333,0.46399999999999997,0.48133333333333334,0.333
RT-LOC049-LOC070-LOC031,40,114.8,108.0,0.45,0.45,0.404075,0.552875,0.41005,0.55
RT-LOC049-LOC070-LOC069,79,112.7,95.0,0.342,0.342,0.2989746835443038,0.37891139240506333,0.34367088607594937,0.658
RT-LOC049-LOC071,3,176.0,174.0,0.333,0.333,0.47500000000000003,0.5543333333333333,0.7446666666666667,0.667
RT-LOC049-LOC072,1,105.0,105.0,1.0,1.0,0.481,0.775,0.097,0.0
RT-LOC050-LOC016,5,150.2,117.0,0.6,0.6,0.562,0.6961999999999999,0.41979999999999995,0.4
RT-LOC050-LOC016-LOC030,225,118.2,113.0,0.44,0.44,0.3631022222222222,0.4889644444444444,0.4019244444444445,0.56
RT-LOC050-LOC016-LOC049,13,133.6,142.0,0.615,0.615,0.5228461538461538,0.4824615384615385,0.44884615384615384,0.385
RT-LOC050-LOC016-LOC068,7,146.6,138.0,0.429,0.429,0.3874285714285714,0.4531428571428572,0.2725714285714286,0.571
RT-LOC050-LOC016-LOC069,49,103.3,94.0,0.367,0.367,0.4138163265306123,0.43087755102040814,0.41234693877551026,0.633
RT-LOC050-LOC016-LOC070,20,130.4,123.5,0.4,0.4,0.48405,0.59805,0.43935,0.6
RT-LOC050-LOC028,3,112.3,117.0,0.0,0.0,0.3486666666666667,0.7483333333333334,0.7146666666666667,1.0
RT-LOC050-LOC051,9,161.7,144.0,0.556,0.556,0.627,0.3295555555555556,0.45566666666666666,0.444
RT-LOC050-LOC051-LOC029,79,127.0,124.0,0.532,0.532,0.5066075949367088,0.45862025316455696,0.3809620253164557,0.468
RT-LOC051-LOC028,6,147.3,162.5,0.667,0.667,0.7813333333333333,0.4988333333333333,0.3838333333333333,0.333
RT-LOC051-LOC028-LOC050,263,123.2,111.0,0.494,0.494,0.4566768060836502,0.44704562737642584,0.4147984790874525,0.506
RT-LOC051-LOC028-LOC071,4,146.2,145.5,0.75,0.75,0.57575,0.51425,0.40175,0.25
RT-LOC051-LOC029,8,127.1,106.5,0.25,0.25,0.66825,0.505375,0.416875,0.75
RT-LOC051-LOC029-LOC001,20,97.6,95.5,0.5,0.5,0.42105,0.5904,0.3629,0.5
RT-LOC051-LOC029-LOC007,107,133.8,123.0,0.505,0.505,0.5036261682242991,0.4800934579439252,0.3999626168224299,0.495
RT-LOC052-LOC003,7,145.1,145.0,0.429,0.429,0.5595714285714285,0.7887142857142857,0.4282857142857143,0.571
RT-LOC052-LOC007,9,167.1,149.0,0.222,0.222,0.4816666666666667,0.6114444444444445,0.42244444444444446,0.778
RT-LOC052-LOC007-LOC004,5,120.8,131.0,1.0,1.0,0.4306,0.858,0.366,0.0
RT-LOC052-LOC007-LOC006,307,116.9,109.0,0.482,0.482,0.37856677524429966,0.5043452768729642,0.3946938110749186,0.518
RT-LOC052-LOC009,7,95.6,97.0,0.714,0.714,0.5742857142857144,0.6341428571428571,0.2651428571428572,0.286
RT-LOC052-LOC009-LOC008,8,135.0,129.5,0.25,0.25,0.467,0.601,0.41900000000000004,0.75
RT-LOC052-LOC009-LOC010,34,108.7,98.5,0.471,0.471,0.3821470588235294,0.48088235294117654,0.3584411764705882,0.529
RT-LOC052-LOC009-LOC054,3,135.7,152.0,0.333,0.333,0.726,0.4593333333333333,0.39200000000000007,0.667
RT-LOC052-LOC009-LOC055,28,116.8,99.0,0.571,0.571,0.4585,0.55175,0.40253571428571433,0.429
RT-LOC052-LOC053,10,118.1,118.5,0.5,0.5,0.4704,0.7068,0.40440000000000004,0.5
RT-LOC053-LOC004,4,89.5,92.0,0.75,0.75,0.3695,0.968,0.27425,0.25
RT-LOC053-LOC052,6,139.3,105.5,0.5,0.5,0.43583333333333335,0.21466666666666667,0.49016666666666664,0.5
RT-LOC053-LOC052-LOC003,4,148.8,129.5,0.5,0.5,0.54425,0.36175,0.27225,0.5
RT-LOC053-LOC052-LOC007,323,122.4,112.0,0.452,0.452,0.40203715170278637,0.4715913312693499,0.40579566563467495,0.548
RT-LOC053-LOC052-LOC009,69,118.0,108.0,0.449,0.449,0.4573768115942029,0.4365797101449275,0.38459420289855073,0.551
RT-LOC053-LOC054,5,156.8,151.0,0.8,0.8,0.7424,0.4640000000000001,0.37,0.2
RT-LOC054-LOC008,4,64.8,69.0,0.0,0.0,0.37424999999999997,0.5680000000000001,0.40049999999999997,1.0
RT-LOC054-LOC009,5,147.6,131.0,0.6,0.6,0.5631999999999999,0.32080000000000003,0.5690000000000001,0.4
RT-LOC054-LOC009-LOC010,361,114.9,106.0,0.432,0.432,0.32752631578947367,0.5001191135734072,0.4014016620498615,0.568
RT-LOC054-LOC009-LOC055,39,133.9,116.0,0.513,0.513,0.43156410256410255,0.46066666666666667,0.3881282051282051,0.487
RT-LOC054-LOC053,4,159.0,130.5,0.0,0.0,0.46149999999999997,0.15,0.4205,1.0
RT-LOC055-LOC008,11,91.2,77.0,0.364,0.364,0.2960909090909091,0.467,0.3900909090909091,0.636
RT-LOC055-LOC008-LOC009,339,112.7,103.0,0.445,0.445,0.31807669616519174,0.5501061946902654,0.40808849557522126,0.555
RT-LOC055-LOC056,2,106.0,106.0,1.0,1.0,0.6715,0.7855000000000001,0.4775,0.0
RT-LOC055-LOC056-LOC054,11,112.9,92.0,0.636,0.636,0.3839090909090909,0.6419999999999999,0.44663636363636366,0.364
RT-LOC055-LOC057,4,83.0,83.0,0.25,0.25,0.42425,0.435,0.488,0.75
RT-LOC055-LOC057-LOC011,6,161.8,173.0,0.5,0.5,0.6218333333333333,0.42,0.3546666666666667,0.5
RT-LOC055-LOC058,6,126.5,123.0,0.833,0.833,0.49416666666666664,0.7254999999999999,0.5201666666666667,0.167
RT-LOC056-LOC011,6,148.0,106.0,0.5,0.5,0.47333333333333333,0.33,0.3176666666666667,0.5
RT-LOC056-LOC054,5,147.2,116.0,0.6,0.6,0.38039999999999996,0.8294,0.617,0.4
RT-LOC056-LOC054-LOC008,4,73.0,78.0,0.25,0.25,0.3295,0.769,0.096,0.75
RT-LOC056-LOC054-LOC009,367,121.4,111.0,0.425,0.425,0.3322397820163488,0.5361689373297003,0.41564305177111716,0.575
RT-LOC056-LOC054-LOC053,6,131.0,130.0,0.667,0.667,0.38366666666666666,0.6006666666666667,0.4731666666666667,0.333
RT-LOC056-LOC058,6,107.8,112.5,0.667,0.667,0.48933333333333334,0.18866666666666668,0.3333333333333333,0.333
RT-LOC056-LOC058-LOC055,11,88.7,92.0,0.545,0.545,0.4055454545454546,0.21945454545454546,0.33554545454545454,0.455
RT-LOC057-LOC011,6,132.7,128.5,0.667,0.667,0.5441666666666667,0.5091666666666667,0.5876666666666667,0.333
RT-LOC057-LOC011-LOC056,22,169.0,159.0,0.591,0.591,0.42563636363636365,0.7505454545454545,0.4154090909090909,0.409
RT-LOC057-LOC055,4,147.8,98.0,0.5,0.5,0.3685,0.33225,0.293,0.5
RT-LOC057-LOC055-LOC008,362,119.3,107.0,0.436,0.436,0.34064088397790054,0.5387292817679559,0.41087569060773477,0.564
RT-LOC057-LOC055-LOC058,2,193.0,193.0,1.0,1.0,0.4615,0.554,0.46249999999999997,0.0
RT-LOC058-LOC055,5,120.6,67.0,0.4,0.4,0.341,0.16360000000000002,0.43579999999999997,0.6
RT-LOC058-LOC055-LOC008,382,113.6,101.0,0.442,0.442,0.32567539267015705,0.504413612565445,0.39635863874345545,0.558
RT-LOC058-LOC055-LOC056,14,106.4,110.0,0.286,0.286,0.39285714285714285,0.5162857142857142,0.3420714285714285,0.714
RT-LOC058-LOC055-LOC057,14,105.9,84.0,0.357,0.357,0.4265714285714286,0.36428571428571427,0.40964285714285714,0.643
RT-LOC059-LOC005,3,52.0,60.0,0.667,0.667,0.3913333333333333,0.6766666666666667,0.31,0.333
RT-LOC059-LOC005-LOC002,127,125.6,110.0,0.488,0.488,0.45746456692913384,0.5654724409448819,0.36814173228346453,0.512
RT-LOC059-LOC005-LOC018,148,120.1,100.5,0.439,0.439,0.28874324324324324,0.4730202702702703,0.4282837837837838,0.561
RT-LOC059-LOC006,4,98.0,74.5,0.25,0.25,0.1855,0.3595,0.34099999999999997,0.75
RT-LOC059-LOC006-LOC003,69,135.9,118.0,0.464,0.464,0.41633333333333333,0.49378260869565216,0.3810144927536232,0.536
RT-LOC059-LOC017,5,105.2,81.0,0.6,0.6,0.4056,0.64,0.2528,0.4
RT-LOC059-LOC060,10,137.1,130.0,0.7,0.7,0.3934,0.6209,0.49749999999999994,0.3
RT-LOC059-LOC060-LOC013,24,117.2,105.0,0.417,0.417,0.25875,0.5067916666666666,0.35429166666666667,0.583
RT-LOC060-LOC013,3,164.3,176.0,1.0,1.0,0.503,0.7053333333333334,0.44733333333333336,0.0
RT-LOC060-LOC013-LOC019,34,128.3,111.5,0.324,0.324,0.3109411764705882,0.5092058823529412,0.42658823529411766,0.676
RT-LOC060-LOC013-LOC024,22,99.2,95.0,0.182,0.182,0.21772727272727274,0.5279545454545455,0.3776818181818182,0.818
RT-LOC060-LOC013-LOC062,138,99.8,85.0,0.42,0.42,0.1809927536231884,0.5065434782608697,0.40145652173913043,0.58
RT-LOC060-LOC013-LOC063,6,157.7,145.5,0.833,0.833,0.429,0.7268333333333333,0.3461666666666667,0.167
RT-LOC060-LOC018,3,87.7,87.0,0.667,0.667,0.21433333333333335,0.7759999999999999,0.431,0.333
RT-LOC060-LOC018-LOC012,14,91.9,97.0,0.286,0.286,0.1789285714285714,0.5922142857142857,0.3449285714285714,0.714
RT-LOC060-LOC059,2,93.0,93.0,1.0,1.0,0.3225,0.303,0.4285,0.0
RT-LOC060-LOC059-LOC005,126,115.3,108.0,0.468,0.468,0.4368492063492063,0.5494523809523809,0.3898809523809524,0.532
RT-LOC060-LOC059-LOC006,77,105.2,101.0,0.364,0.364,0.368038961038961,0.4575194805194805,0.42190909090909096,0.636
RT-LOC060-LOC059-LOC017,2,71.0,71.0,0.5,0.5,0.29000000000000004,0.378,0.5495,0.5
RT-LOC060-LOC061,6,123.2,110.5,0.667,0.667,0.33916666666666667,0.8965,0.28800000000000003,0.333
RT-LOC061-LOC013,4,132.5,100.0,0.75,0.75,0.219,0.14500000000000002,0.42225,0.25
RT-LOC061-LOC013-LOC024,15,103.3,93.0,0.333,0.333,0.14693333333333333,0.2764,0.431,0.667
RT-LOC061-LOC018,10,147.9,158.0,0.8,0.8,0.42069999999999996,0.5972000000000001,0.4405,0.2
RT-LOC061-LOC018-LOC012,26,118.7,113.5,0.577,0.577,0.26757692307692305,0.44976923076923075,0.32353846153846155,0.423
RT-LOC061-LOC018-LOC019,33,123.7,109.0,0.333,0.333,0.3475151515151515,0.3576969696969697,0.387969696969697,0.667
RT-LOC061-LOC060,5,98.8,91.0,0.0,0.0,0.1934,0.845,0.2318,1.0
RT-LOC061-LOC060-LOC059,200,111.9,105.5,0.5,0.5,0.377065,0.545165,0.41039000000000003,0.5
RT-LOC061-LOC062,4,51.8,53.0,0.0,0.0,0.10450000000000001,0.12325,0.40549999999999997,1.0
RT-LOC061-LOC062-LOC066,100,87.3,70.0,0.4,0.4,0.1191,0.32463000000000003,0.39499,0.6
RT-LOC061-LOC063,3,84.3,84.0,0.0,0.0,0.2673333333333333,0.347,0.2796666666666667,1.0
RT-LOC061-LOC063-LOC026,5,153.6,141.0,0.4,0.4,0.1918,0.4720000000000001,0.4782,0.6
RT-LOC061-LOC063-LOC064,8,102.6,126.0,0.375,0.375,0.241375,0.4635,0.42125,0.625
RT-LOC062-LOC012,6,93.7,94.0,0.333,0.333,0.3451666666666667,0.242,0.443,0.667
RT-LOC062-LOC012-LOC030,2,104.5,104.5,1.0,1.0,0.399,0.33999999999999997,0.5905,0.0
RT-LOC062-LOC012-LOC067,12,112.3,115.0,0.667,0.667,0.31666666666666665,0.5116666666666666,0.3605,0.333
RT-LOC062-LOC013,4,74.0,74.5,0.25,0.25,0.23575,0.39475000000000005,0.45775,0.75
RT-LOC062-LOC018,6,75.7,66.5,0.333,0.333,0.27599999999999997,0.36916666666666664,0.32666666666666666,0.667
RT-LOC062-LOC018-LOC019,84,96.4,89.5,0.405,0.405,0.3263690476190476,0.3131666666666667,0.37929761904761905,0.595
RT-LOC062-LOC061,5,72.0,59.0,0.2,0.2,0.1092,0.4202,0.39239999999999997,0.8
RT-LOC062-LOC061-LOC060,88,109.5,102.0,0.409,0.409,0.32288636363636364,0.5391931818181818,0.41792045454545457,0.591
RT-LOC062-LOC063,6,81.3,78.0,0.5,0.5,0.34600000000000003,0.28099999999999997,0.472,0.5
RT-LOC062-LOC063-LOC024,6,59.0,60.5,0.5,0.5,0.16433333333333333,0.26716666666666666,0.3235,0.5
RT-LOC062-LOC063-LOC026,17,86.8,88.0,0.471,0.471,0.2323529411764706,0.4303529411764706,0.33805882352941174,0.529
RT-LOC062-LOC066,5,42.8,44.0,0.2,0.2,0.046599999999999996,0.2144,0.26739999999999997,0.8
RT-LOC062-LOC066-LOC064,6,90.7,111.5,0.167,0.167,0.12516666666666668,0.28450000000000003,0.4956666666666667,0.833
RT-LOC062-LOC066-LOC065,140,91.0,86.0,0.35,0.35,0.14259999999999998,0.3990285714285714,0.40186428571428573,0.65
RT-LOC063-LOC013,3,156.3,154.0,0.0,0.0,0.14766666666666667,0.7213333333333334,0.43566666666666665,1.0
RT-LOC063-LOC013-LOC019,37,93.7,81.0,0.541,0.541,0.18256756756756756,0.38483783783783787,0.3876756756756757,0.459
RT-LOC063-LOC024,5,45.6,50.0,0.2,0.2,0.05820000000000001,0.31120000000000003,0.2864,0.8
RT-LOC063-LOC026,3,105.3,68.0,0.667,0.667,0.18933333333333335,0.7863333333333333,0.24333333333333332,0.333
RT-LOC063-LOC026-LOC027,15,121.6,102.0,0.467,0.467,0.07666666666666666,0.5364666666666668,0.4936666666666667,0.533
RT-LOC063-LOC061,2,53.5,53.5,0.0,0.0,0.1905,0.445,0.039,1.0
RT-LOC063-LOC061-LOC060,152,112.7,102.0,0.434,0.434,0.3652697368421053,0.5534934210526316,0.3778618421052632,0.566
RT-LOC063-LOC062,6,115.8,111.5,0.333,0.333,0.23483333333333334,0.4303333333333333,0.44716666666666666,0.667
RT-LOC063-LOC062-LOC012,22,101.7,87.5,0.318,0.318,0.2813181818181818,0.41304545454545455,0.38381818181818184,0.682
RT-LOC063-LOC062-LOC018,7,130.0,128.0,0.143,0.143,0.2644285714285714,0.46614285714285714,0.4025714285714286,0.857
RT-LOC063-LOC064,6,104.5,57.5,0.333,0.333,0.14416666666666667,0.5946666666666667,0.3995,0.667
RT-LOC063-LOC066,3,104.7,103.0,0.333,0.333,0.15033333333333332,0.10466666666666667,0.609,0.667
RT-LOC063-LOC066-LOC065,128,88.5,81.0,0.375,0.375,0.1560546875,0.3525546875,0.382765625,0.625
RT-LOC064-LOC012,9,118.7,134.0,0.667,0.667,0.4138888888888889,0.5038888888888889,0.3868888888888889,0.333
RT-LOC064-LOC012-LOC018,136,113.8,106.0,0.537,0.537,0.3502426470588236,0.42866911764705884,0.40356617647058823,0.463
RT-LOC064-LOC012-LOC030,8,110.6,98.0,0.5,0.5,0.274,0.5185,0.3755,0.5
RT-LOC064-LOC065,8,118.6,104.0,0.375,0.375,0.21637499999999998,0.717375,0.371625,0.625
RT-LOC064-LOC065-LOC032,121,102.2,88.0,0.421,0.421,0.14397520661157023,0.5529090909090909,0.39776859504132234,0.579
RT-LOC064-LOC066,7,75.3,79.0,0.429,0.429,0.12514285714285714,0.2674285714285714,0.42714285714285716,0.571
RT-LOC064-LOC066-LOC062,39,89.2,71.0,0.359,0.359,0.18676923076923077,0.4154358974358975,0.3558717948717949,0.641
RT-LOC064-LOC067,4,62.2,60.5,0.5,0.5,0.035500000000000004,0.6615,0.38275,0.5
RT-LOC064-LOC067-LOC068,42,101.3,92.5,0.333,0.333,0.20714285714285713,0.5852857142857143,0.36673809523809525,0.667
RT-LOC065-LOC032,7,86.0,77.0,0.571,0.571,0.0,0.5812857142857143,0.415,0.429
RT-LOC065-LOC032-LOC033,137,97.0,84.0,0.401,0.401,0.12854014598540145,0.4748832116788321,0.38874452554744526,0.599
RT-LOC065-LOC032-LOC034,8,93.8,89.0,0.125,0.125,0.048125,0.666625,0.33087500000000003,0.875
RT-LOC065-LOC066,4,94.2,92.5,0.5,0.5,0.24600000000000002,0.34750000000000003,0.36524999999999996,0.5
RT-LOC065-LOC066-LOC062,35,104.1,83.0,0.4,0.4,0.20182857142857144,0.44571428571428573,0.3663142857142857,0.6
RT-LOC065-LOC066-LOC064,4,111.5,116.0,0.5,0.5,0.211,0.419,0.3795,0.5
RT-LOC065-LOC067,7,112.9,96.0,0.857,0.857,0.07714285714285715,0.8952857142857144,0.45057142857142857,0.143
RT-LOC065-LOC067-LOC012,185,102.3,90.0,0.422,0.422,0.2902756756756757,0.5485405405405406,0.3710648648648649,0.578
RT-LOC065-LOC067-LOC068,40,123.5,117.0,0.45,0.45,0.25765,0.61745,0.4109,0.55
RT-LOC066-LOC062,5,88.6,89.0,0.4,0.4,0.08720000000000001,0.639,0.3872,0.6
RT-LOC066-LOC062-LOC013,8,110.4,83.5,0.375,0.375,0.16975,0.436125,0.450625,0.625
RT-LOC066-LOC062-LOC061,65,92.4,92.0,0.385,0.385,0.21456923076923076,0.5466769230769231,0.43141538461538464,0.615
RT-LOC066-LOC062-LOC063,23,83.0,80.0,0.478,0.478,0.2070869565217391,0.4653913043478261,0.3398260869565217,0.522
RT-LOC066-LOC064,7,63.6,64.0,0.714,0.714,0.16157142857142856,0.35957142857142854,0.4952857142857143,0.286
RT-LOC066-LOC065,6,68.3,70.0,0.0,0.0,0.19883333333333333,0.13533333333333333,0.46866666666666673,1.0
RT-LOC066-LOC065-LOC032,133,99.3,81.0,0.368,0.368,0.1452406015037594,0.42922556390977445,0.41030827067669173,0.632
RT-LOC066-LOC065-LOC067,152,108.3,96.5,0.428,0.428,0.26622368421052633,0.46996052631578944,0.39136184210526315,0.572
RT-LOC067-LOC012,7,104.3,107.0,0.714,0.714,0.3987142857142857,0.7331428571428571,0.45357142857142857,0.286
RT-LOC067-LOC012-LOC018,214,109.6,99.5,0.472,0.472,0.32162149532710277,0.4750560747663552,0.38051869158878504,0.528
RT-LOC067-LOC012-LOC030,5,113.6,104.0,0.2,0.2,0.3298,0.6528,0.4568,0.8
RT-LOC067-LOC064,5,130.4,118.0,0.8,0.8,0.316,0.6784,0.3776,0.2
RT-LOC067-LOC064-LOC066,1,80.0,80.0,1.0,1.0,0.229,0.275,0.645,0.0
RT-LOC067-LOC065,7,77.9,84.0,0.286,0.286,0.1947142857142857,0.3148571428571429,0.19185714285714286,0.714
RT-LOC067-LOC065-LOC032,79,99.6,90.0,0.316,0.316,0.12940506329113924,0.453873417721519,0.4207215189873418,0.684
RT-LOC067-LOC068,7,115.6,109.0,0.143,0.143,0.176,0.8144285714285715,0.42228571428571426,0.857
RT-LOC067-LOC068-LOC016,30,113.5,106.0,0.433,0.433,0.30136666666666667,0.44853333333333334,0.4208666666666667,0.567
RT-LOC067-LOC068-LOC069,25,104.0,105.0,0.36,0.36,0.30776,0.45711999999999997,0.39692,0.64
RT-LOC067-LOC068-LOC070,7,113.0,115.0,0.571,0.571,0.27071428571428574,0.6392857142857142,0.4227142857142857,0.429
RT-LOC068-LOC016,9,112.1,120.0,0.778,0.778,0.4911111111111111,0.23500000000000001,0.512,0.222
RT-LOC068-LOC016-LOC030,57,141.2,133.0,0.561,0.561,0.4113859649122807,0.526157894736842,0.4087368421052632,0.439
RT-LOC068-LOC016-LOC049,18,104.9,98.0,0.333,0.333,0.36988888888888893,0.31472222222222224,0.445,0.667
RT-LOC068-LOC067,2,211.0,211.0,0.5,0.5,0.215,0.154,0.381,0.5
RT-LOC068-LOC067-LOC012,164,98.5,89.0,0.384,0.384,0.26734146341463416,0.3752378048780488,0.3934573170731707,0.616
RT-LOC068-LOC067-LOC064,11,82.8,80.0,0.455,0.455,0.20627272727272727,0.3350909090909091,0.3805454545454545,0.545
RT-LOC068-LOC067-LOC065,44,100.4,88.5,0.523,0.523,0.1300909090909091,0.36631818181818177,0.4299318181818182,0.477
RT-LOC068-LOC069,9,72.4,61.0,0.556,0.556,0.3888888888888889,0.20588888888888887,0.34055555555555556,0.444
RT-LOC068-LOC069-LOC015,68,98.7,90.0,0.412,0.412,0.33825,0.33138235294117646,0.43885294117647056,0.588
RT-LOC068-LOC070,5,112.2,123.0,0.2,0.2,0.1652,0.7934,0.3488,0.8
RT-LOC068-LOC070-LOC031,21,122.0,109.0,0.524,0.524,0.31004761904761907,0.6503809523809524,0.5434285714285715,0.476
RT-LOC069-LOC015,9,77.8,74.0,0.111,0.111,0.14588888888888887,0.4648888888888889,0.346,0.889
RT-LOC069-LOC015-LOC036,18,139.6,96.5,0.556,0.556,0.3465555555555555,0.5747222222222222,0.3998333333333333,0.444
RT-LOC069-LOC015-LOC045,62,90.6,81.0,0.355,0.355,0.2558225806451613,0.37224193548387097,0.37887096774193546,0.645
RT-LOC069-LOC015-LOC073,5,105.8,119.0,0.4,0.4,0.3356,0.41739999999999994,0.5652,0.6
RT-LOC069-LOC016,7,62.3,61.0,0.0,0.0,0.14814285714285713,0.252,0.36757142857142855,1.0
RT-LOC069-LOC016-LOC030,213,109.1,99.0,0.423,0.423,0.31668544600938964,0.43761971830985913,0.4166056338028169,0.577
RT-LOC069-LOC016-LOC068,5,162.0,105.0,0.2,0.2,0.2542,0.2638,0.4272,0.8
RT-LOC069-LOC031,3,114.0,99.0,0.333,0.333,0.313,0.6176666666666667,0.32,0.667
RT-LOC069-LOC031-LOC014,13,90.1,89.0,0.077,0.077,0.2216923076923077,0.4460769230769231,0.3773846153846154,0.923
RT-LOC069-LOC031-LOC033,10,124.0,103.5,0.3,0.3,0.2439,0.6879000000000001,0.394,0.7
RT-LOC069-LOC031-LOC034,1,122.0,122.0,0.0,0.0,0.268,0.194,0.768,1.0
RT-LOC069-LOC070,7,87.1,91.0,0.0,0.0,0.14657142857142857,0.3284285714285714,0.5207142857142857,1.0
RT-LOC069-LOC070-LOC049,39,110.8,114.0,0.333,0.333,0.34823076923076923,0.5975384615384615,0.35712820512820515,0.667
RT-LOC070-LOC016,4,108.2,99.0,0.25,0.25,0.30375,0.43775,0.38025000000000003,0.75
RT-LOC070-LOC016-LOC030,211,119.0,111.0,0.474,0.474,0.32857345971563984,0.48990995260663506,0.3885118483412322,0.526
RT-LOC070-LOC016-LOC068,4,114.2,112.0,0.25,0.25,0.258,0.4265,0.5327500000000001,0.75
RT-LOC070-LOC031,3,138.3,140.0,0.333,0.333,0.35633333333333334,0.6756666666666667,0.598,0.667
RT-LOC070-LOC031-LOC014,12,104.5,115.0,0.25,0.25,0.31975000000000003,0.5131666666666667,0.42524999999999996,0.75
RT-LOC070-LOC031-LOC033,37,135.2,112.0,0.568,0.568,0.2951351351351351,0.6702972972972973,0.4467027027027027,0.432
RT-LOC070-LOC031-LOC034,5,102.0,91.0,0.2,0.2,0.3162,0.3924,0.2536,0.8
RT-LOC070-LOC049,6,163.8,160.5,0.667,0.667,0.35800000000000004,0.6715,0.5266666666666667,0.333
RT-LOC070-LOC049-LOC050,19,105.0,104.0,0.263,0.263,0.46715789473684205,0.6234736842105263,0.316,0.737
RT-LOC070-LOC049-LOC071,8,116.4,100.5,0.375,0.375,0.49775,0.5998749999999999,0.32125000000000004,0.625
RT-LOC070-LOC049-LOC072,8,151.0,159.5,0.5,0.5,0.46175,0.6375,0.46075,0.5
RT-LOC070-LOC069,10,99.0,86.0,0.6,0.6,0.1656,0.3187,0.3937,0.4
RT-LOC070-LOC069-LOC015,63,117.3,96.0,0.317,0.317,0.26055555555555554,0.386968253968254,0.4313968253968254,0.683
RT-LOC071-LOC049,4,127.2,141.5,0.25,0.25,0.505,0.41750000000000004,0.4335,0.75
RT-LOC071-LOC049-LOC070,15,132.6,142.0,0.4,0.4,0.5259333333333334,0.4732,0.3897333333333333,0.6
RT-LOC071-LOC049-LOC072,6,111.0,103.5,0.667,0.667,0.3981666666666666,0.7926666666666667,0.5251666666666667,0.333
RT-LOC071-LOC050,6,89.0,74.5,0.667,0.667,0.5606666666666666,0.8091666666666667,0.3006666666666667,0.333
RT-LOC071-LOC050-LOC016,258,121.5,112.5,0.45,0.45,0.36351937984496124,0.5277209302325581,0.38538372093023254,0.55
RT-LOC071-LOC050-LOC028,8,96.4,87.5,0.75,0.75,0.339875,0.76075,0.4615,0.25
RT-LOC071-LOC050-LOC051,89,122.1,115.0,0.517,0.517,0.5041685393258427,0.5334831460674156,0.3833932584269663,0.483
RT-LOC072-LOC028,2,90.5,90.5,0.5,0.5,0.26649999999999996,0.34650000000000003,0.499,0.5
RT-LOC072-LOC028-LOC050,280,122.6,113.0,0.518,0.518,0.40355,0.4216857142857143,0.42570357142857146,0.482
RT-LOC072-LOC028-LOC051,86,134.6,124.0,0.581,0.581,0.49440697674418604,0.44490697674418606,0.37353488372093024,0.419
RT-LOC072-LOC071,7,104.0,109.0,0.571,0.571,0.5618571428571428,0.2782857142857143,0.268,0.429
RT-LOC072-LOC071-LOC049,13,145.9,142.0,0.308,0.308,0.487,0.3722307692307692,0.40700000000000003,0.692
RT-LOC073-LOC045,5,165.8,153.0,0.2,0.2,0.7692,0.4835999999999999,0.49000000000000005,0.8
RT-LOC073-LOC045-LOC015,286,118.0,106.0,0.531,0.531,0.4011153846153846,0.49758741258741257,0.40587062937062934,0.469
RT-LOC073-LOC045-LOC038,43,100.4,101.0,0.279,0.279,0.39606976744186045,0.4138139534883721,0.4118604651162791,0.721
RT-LOC073-LOC074,5,149.6,147.0,0.4,0.4,0.5684,0.8802,0.38580000000000003,0.6
RT-LOC073-LOC075,5,204.6,192.0,0.8,0.8,0.6184,0.9346,0.2892,0.2
RT-LOC073-LOC075-LOC044,14,140.7,127.0,0.643,0.643,0.5395,0.7035,0.35557142857142854,0.357
RT-LOC074-LOC043,8,173.9,135.5,0.875,0.875,0.456625,0.785875,0.56325,0.125
RT-LOC074-LOC045,7,124.9,132.0,0.429,0.429,0.39985714285714286,0.8914285714285715,0.19328571428571428,0.571
RT-LOC074-LOC045-LOC015,310,119.4,109.0,0.503,0.503,0.3486354838709677,0.5762451612903225,0.4224161290322581,0.497
RT-LOC074-LOC045-LOC038,29,127.0,113.0,0.483,0.483,0.3152068965517241,0.5157931034482759,0.46448275862068966,0.517
RT-LOC074-LOC073,5,111.6,98.0,0.8,0.8,0.3348,0.31,0.47779999999999995,0.2
RT-LOC074-LOC075,1,84.0,84.0,1.0,1.0,0.19,0.244,0.44,0.0
RT-LOC074-LOC075-LOC044,26,132.5,125.5,0.615,0.615,0.4463076923076923,0.35634615384615387,0.4258076923076923,0.385
RT-LOC075-LOC044,4,147.8,146.5,1.0,1.0,0.46,0.615,0.35175,0.0
RT-LOC075-LOC044-LOC043,10,123.2,119.5,0.3,0.3,0.5354,0.4035,0.4955,0.7
RT-LOC075-LOC044-LOC046,31,144.8,149.0,0.677,0.677,0.46383870967741936,0.5034838709677419,0.44148387096774194,0.323
RT-LOC075-LOC044-LOC074,358,120.9,109.5,0.464,0.464,0.4165083798882682,0.5449972067039106,0.39483798882681564,0.536
