edge_id,origin_location_id,destination_location_id,distance_km,base_travel_time_minutes,road_quality,capacity,historical_delay_rate,average_delay_minutes,weather_exposure,traffic_baseline,congestion_baseline,infrastructure_risk,transport_mode
EDGE0001,LOC064,LOC067,334.86,167.4,3,116,0.356,26.6,0.04,0.75,0.15,0.61,rail
EDGE0002,LOC029,LOC007,404.96,303.7,6,189,0.249,91.4,0.35,0.3,0.14,0.47,road
EDGE0003,LOC021,LOC022,155.9,78.0,3,787,0.335,53.9,0.27,0.62,0.53,0.68,rail
EDGE0004,LOC071,LOC050,334.87,167.4,3,184,0.351,16.2,0.44,0.82,0.31,0.65,rail
EDGE0005,LOC072,LOC049,628.71,471.5,8,793,0.174,22.1,0.54,0.42,0.71,0.29,road
EDGE0006,LOC070,LOC031,430.08,36.9,9,152,0.103,49.9,0.53,0.59,0.29,0.18,air
EDGE0007,LOC019,LOC022,398.95,199.5,10,185,0.071,53.8,0.22,0.35,0.52,0.06,rail
EDGE0008,LOC035,LOC033,807.62,605.7,3,587,0.335,94.7,0.24,0.1,0.68,0.76,road
EDGE0009,LOC008,LOC020,262.66,197.0,3,786,0.347,41.0,0.51,0.22,0.38,0.66,road
EDGE0010,LOC053,LOC004,361.02,270.8,7,374,0.214,65.9,0.35,0.82,0.75,0.26,road
EDGE0011,LOC005,LOC059,112.23,84.2,6,569,0.284,71.3,0.18,0.87,0.8,0.3,road
EDGE0012,LOC018,LOC012,315.95,158.0,7,963,0.184,98.8,0.1,0.31,0.66,0.22,rail
EDGE0013,LOC012,LOC018,315.95,27.1,7,261,0.247,100.1,0.25,0.3,0.41,0.32,air
EDGE0014,LOC073,LOC015,730.43,547.8,4,429,0.309,108.1,0.34,0.16,0.65,0.58,road
EDGE0015,LOC073,LOC074,654.39,327.2,8,362,0.148,88.2,0.63,0.84,0.68,0.18,rail
EDGE0016,LOC067,LOC064,334.86,251.1,4,581,0.303,53.8,0.32,0.61,0.13,0.55,road
EDGE0017,LOC060,LOC019,289.97,217.5,7,324,0.156,62.3,0.21,0.44,0.5,0.4,road
EDGE0018,LOC052,LOC003,278.56,139.3,4,264,0.35,73.8,0.62,0.68,0.3,0.6,rail
EDGE0019,LOC006,LOC003,203.3,17.4,6,114,0.25,53.2,0.33,0.68,0.34,0.42,air
EDGE0020,LOC042,LOC047,249.75,124.9,5,601,0.228,16.0,0.47,0.77,0.35,0.57,rail
EDGE0021,LOC002,LOC001,265.26,198.9,3,186,0.295,116.0,0.54,0.48,0.21,0.79,road
EDGE0022,LOC061,LOC018,182.03,136.5,3,841,0.332,99.0,0.42,0.6,0.3,0.7,road
EDGE0023,LOC050,LOC049,196.03,147.0,4,175,0.309,81.0,0.34,0.78,0.64,0.62,road
EDGE0024,LOC016,LOC049,266.05,22.8,9,233,0.101,67.5,0.33,0.17,0.51,0.04,air
EDGE0025,LOC056,LOC055,104.7,78.5,4,156,0.295,89.3,0.42,0.68,0.51,0.67,road
EDGE0026,LOC044,LOC043,234.01,175.5,6,339,0.219,40.0,0.76,0.17,0.77,0.5,road
EDGE0027,LOC063,LOC013,235.3,176.5,4,396,0.345,90.8,0.18,0.66,0.14,0.59,road
EDGE0028,LOC001,LOC003,494.55,370.9,3,174,0.323,11.0,0.44,0.75,0.62,0.71,road
EDGE0029,LOC004,LOC006,260.53,195.4,8,293,0.15,28.0,0.27,0.58,0.59,0.27,road
EDGE0030,LOC022,LOC020,207.37,155.5,7,297,0.162,59.1,0.19,0.52,0.48,0.3,road
EDGE0031,LOC047,LOC042,249.75,124.9,3,224,0.336,66.7,0.42,0.67,0.67,0.77,rail
EDGE0032,LOC058,LOC055,288.6,24.7,6,536,0.248,31.4,0.37,0.15,0.22,0.44,air
EDGE0033,LOC058,LOC056,224.83,168.6,5,558,0.295,81.0,0.55,0.79,0.18,0.45,road
EDGE0034,LOC017,LOC005,143.7,107.8,5,718,0.316,67.0,0.32,0.5,0.45,0.5,road
EDGE0035,LOC070,LOC049,246.64,21.1,9,856,0.153,57.9,0.5,0.63,0.29,0.08,air
EDGE0036,LOC037,LOC035,556.0,47.7,6,586,0.234,51.0,0.09,0.38,0.66,0.34,air
EDGE0037,LOC046,LOC042,109.89,82.4,6,458,0.283,73.8,0.29,0.75,0.75,0.42,road
EDGE0038,LOC066,LOC064,261.27,22.4,10,150,0.1,17.4,0.16,0.38,0.19,0.0,air
EDGE0039,LOC056,LOC058,224.83,19.3,3,433,0.338,97.1,0.49,0.18,0.49,0.67,air
EDGE0040,LOC062,LOC066,502.4,251.2,10,923,0.083,10.8,0.04,0.21,0.48,0.0,rail
EDGE0041,LOC031,LOC033,678.22,508.7,9,130,0.18,10.3,0.16,0.9,0.59,0.14,road
EDGE0042,LOC016,LOC070,94.84,71.1,8,415,0.125,16.0,0.35,0.87,0.74,0.19,road
EDGE0043,LOC028,LOC071,318.6,239.0,9,666,0.12,97.1,0.37,0.7,0.21,0.03,road
EDGE0044,LOC045,LOC073,622.13,466.6,6,804,0.271,60.5,0.48,0.24,0.73,0.45,road
EDGE0045,LOC017,LOC003,357.85,268.4,7,638,0.244,62.7,0.17,0.88,0.59,0.38,road
EDGE0046,LOC027,LOC026,124.18,93.1,4,556,0.348,59.1,0.18,0.7,0.48,0.69,road
EDGE0047,LOC069,LOC016,286.63,215.0,7,346,0.249,17.8,0.14,0.22,0.7,0.3,road
EDGE0048,LOC068,LOC031,424.97,318.7,4,434,0.339,26.5,0.34,0.65,0.57,0.51,road
EDGE0049,LOC062,LOC018,294.02,220.5,3,654,0.388,15.9,0.24,0.36,0.48,0.79,road
EDGE0050,LOC024,LOC026,276.02,207.0,7,790,0.198,41.2,0.24,0.25,0.57,0.36,road
EDGE0051,LOC056,LOC054,213.78,18.3,10,467,0.092,83.4,0.32,0.86,0.24,0.02,air
EDGE0052,LOC059,LOC017,118.15,88.6,8,237,0.194,22.6,0.37,0.77,0.64,0.21,road
EDGE0053,LOC011,LOC057,77.72,38.9,6,704,0.282,6.4,0.57,0.64,0.64,0.45,rail
EDGE0054,LOC039,LOC040,179.41,89.7,6,794,0.219,40.4,0.15,0.53,0.64,0.44,rail
EDGE0055,LOC007,LOC004,330.03,28.3,3,918,0.322,79.2,0.47,0.84,0.69,0.77,air
EDGE0056,LOC031,LOC070,430.08,322.6,7,726,0.254,36.2,0.29,0.41,0.23,0.3,road
EDGE0057,LOC069,LOC068,360.36,270.3,3,596,0.307,97.7,0.33,0.79,0.46,0.79,road
EDGE0058,LOC018,LOC005,249.43,187.1,8,674,0.171,63.3,0.41,0.82,0.42,0.23,road
EDGE0059,LOC028,LOC051,374.48,280.9,5,809,0.265,69.2,0.63,0.54,0.28,0.42,road
EDGE0060,LOC004,LOC007,330.03,165.0,10,593,0.119,97.8,0.27,0.73,0.77,0.0,rail
EDGE0061,LOC046,LOC044,1005.78,754.3,10,285,0.119,58.7,0.18,0.24,0.65,0.0,road
EDGE0062,LOC015,LOC036,537.93,403.4,3,294,0.36,8.4,0.5,0.74,0.53,0.78,road
EDGE0063,LOC040,LOC038,426.45,36.6,6,480,0.271,73.5,0.02,0.54,0.63,0.39,air
EDGE0064,LOC063,LOC062,136.65,102.5,9,103,0.123,80.3,0.26,0.48,0.45,0.06,road
EDGE0065,LOC072,LOC028,344.8,258.6,7,929,0.251,96.4,0.37,0.31,0.41,0.3,road
EDGE0066,LOC065,LOC064,226.38,169.8,6,747,0.194,58.5,0.11,0.89,0.41,0.32,road
EDGE0067,LOC003,LOC052,278.56,139.3,7,749,0.191,45.4,0.23,0.19,0.78,0.24,rail
EDGE0068,LOC002,LOC005,172.04,129.0,5,336,0.269,78.3,0.23,0.69,0.24,0.45,road
EDGE0069,LOC037,LOC036,530.47,397.9,9,516,0.094,18.0,0.18,0.82,0.59,0.06,road
EDGE0070,LOC028,LOC050,378.19,32.4,10,188,0.111,17.8,0.62,0.23,0.65,0.0,air
EDGE0071,LOC057,LOC011,77.72,38.9,6,678,0.218,109.3,0.51,0.49,0.5,0.31,rail
EDGE0072,LOC075,LOC073,711.14,533.4,4,969,0.359,66.1,0.46,0.39,0.26,0.68,road
EDGE0073,LOC046,LOC041,120.76,90.6,6,669,0.247,101.9,0.42,0.29,0.67,0.34,road
EDGE0074,LOC013,LOC060,249.59,187.2,4,247,0.281,83.2,0.41,0.71,0.6,0.51,road
EDGE0075,LOC061,LOC013,167.14,125.4,4,701,0.33,36.4,0.27,0.13,0.69,0.53,road
EDGE0076,LOC014,LOC032,361.78,271.3,6,528,0.259,43.2,0.25,0.83,0.23,0.41,road
EDGE0077,LOC046,LOC047,254.19,127.1,5,436,0.314,19.7,0.42,0.11,0.16,0.52,rail
EDGE0078,LOC027,LOC025,330.33,165.2,3,599,0.343,55.4,0.0,0.58,0.39,0.79,rail
EDGE0079,LOC052,LOC009,470.57,40.3,9,418,0.174,11.5,0.58,0.61,0.58,0.19,air
EDGE0080,LOC031,LOC014,306.45,229.8,6,287,0.255,78.4,0.15,0.19,0.11,0.32,road
EDGE0081,LOC001,LOC029,131.06,98.3,9,191,0.139,26.3,0.31,0.14,0.73,0.11,road
EDGE0082,LOC027,LOC024,201.26,150.9,3,799,0.364,15.3,0.08,0.44,0.33,0.8,road
EDGE0083,LOC020,LOC023,429.28,36.8,3,993,0.39,82.3,0.32,0.67,0.4,0.7,air
EDGE0084,LOC074,LOC075,459.59,229.8,3,670,0.386,69.8,0.29,0.18,0.4,0.79,rail
EDGE0085,LOC024,LOC025,528.11,396.1,3,427,0.386,73.1,0.07,0.6,0.24,0.64,road
EDGE0086,LOC001,LOC051,196.87,16.9,8,183,0.2,68.9,0.54,0.15,0.7,0.16,air
EDGE0087,LOC053,LOC052,107.49,80.6,5,235,0.318,87.3,0.49,0.22,0.37,0.58,road
EDGE0088,LOC030,LOC016,382.74,191.4,10,225,0.15,52.1,0.46,0.73,0.22,0.0,rail
EDGE0089,LOC067,LOC012,209.07,156.8,9,795,0.151,35.4,0.34,0.77,0.34,0.14,road
EDGE0090,LOC050,LOC028,378.19,32.4,8,593,0.14,41.7,0.27,0.82,0.24,0.25,air
EDGE0091,LOC059,LOC006,250.03,187.5,10,642,0.127,31.0,0.2,0.3,0.34,0.06,road
EDGE0092,LOC062,LOC012,348.27,261.2,8,599,0.149,8.9,0.36,0.22,0.5,0.11,road
EDGE0093,LOC033,LOC035,807.62,69.2,7,281,0.223,62.0,0.21,0.14,0.34,0.27,air
EDGE0094,LOC033,LOC034,118.44,88.8,10,196,0.079,36.7,0.1,0.21,0.64,0.04,road
EDGE0095,LOC015,LOC073,730.43,547.8,4,501,0.348,51.6,0.55,0.4,0.2,0.67,road
EDGE0096,LOC032,LOC014,361.78,271.3,9,145,0.139,53.0,0.21,0.65,0.26,0.17,road
EDGE0097,LOC065,LOC066,120.79,90.6,6,195,0.255,112.8,0.27,0.37,0.27,0.43,road
EDGE0098,LOC020,LOC010,144.16,108.1,8,250,0.138,86.5,0.47,0.81,0.14,0.17,road
EDGE0099,LOC021,LOC023,375.46,281.6,4,331,0.35,116.4,0.46,0.12,0.32,0.63,road
EDGE0100,LOC072,LOC071,370.44,185.2,5,616,0.276,96.3,0.46,0.26,0.38,0.41,rail
EDGE0101,LOC055,LOC011,148.76,74.4,7,364,0.158,30.4,0.47,0.17,0.79,0.29,rail
EDGE0102,LOC055,LOC008,169.77,84.9,5,986,0.317,49.4,0.32,0.5,0.36,0.46,rail
EDGE0103,LOC010,LOC020,144.16,12.4,3,812,0.322,41.4,0.26,0.11,0.13,0.72,air
EDGE0104,LOC075,LOC044,367.61,31.5,10,647,0.064,85.1,0.46,0.72,0.67,0.09,air
EDGE0105,LOC075,LOC074,459.59,344.7,4,506,0.309,21.9,0.54,0.86,0.42,0.68,road
EDGE0106,LOC069,LOC070,209.01,156.8,5,669,0.277,24.6,0.15,0.33,0.61,0.58,road
EDGE0107,LOC040,LOC047,507.5,380.6,10,458,0.089,97.7,0.08,0.18,0.41,0.0,road
EDGE0108,LOC010,LOC022,332.7,249.5,8,399,0.152,45.7,0.21,0.17,0.51,0.16,road
EDGE0109,LOC030,LOC068,313.77,235.3,4,622,0.316,8.3,0.17,0.36,0.51,0.53,road
EDGE0110,LOC037,LOC048,170.66,85.3,5,874,0.282,94.0,0.39,0.88,0.61,0.43,rail
EDGE0111,LOC074,LOC073,654.39,327.2,7,577,0.167,39.7,0.41,0.26,0.67,0.28,rail
EDGE0112,LOC050,LOC016,288.11,24.7,6,782,0.217,98.1,0.61,0.66,0.18,0.4,air
EDGE0113,LOC019,LOC023,208.83,156.6,3,640,0.314,93.6,0.35,0.86,0.14,0.63,road
EDGE0114,LOC005,LOC017,143.7,107.8,6,698,0.203,11.1,0.49,0.24,0.55,0.5,road
EDGE0115,LOC006,LOC059,250.03,21.4,5,692,0.237,84.2,0.28,0.29,0.67,0.43,air
EDGE0116,LOC046,LOC043,777.13,582.8,4,320,0.327,25.1,0.24,0.71,0.7,0.56,road
EDGE0117,LOC055,LOC057,169.46,14.5,8,670,0.164,10.5,0.54,0.53,0.14,0.14,air
EDGE0118,LOC021,LOC010,198.37,148.8,5,496,0.25,95.4,0.29,0.32,0.66,0.49,road
EDGE0119,LOC025,LOC063,943.94,708.0,8,113,0.124,90.4,0.0,0.75,0.58,0.18,road
EDGE0120,LOC053,LOC003,383.03,287.3,4,650,0.32,53.7,0.6,0.64,0.69,0.58,road
EDGE0121,LOC062,LOC013,225.72,112.9,10,687,0.057,19.1,0.23,0.37,0.66,0.0,rail
EDGE0122,LOC010,LOC008,121.08,60.5,3,544,0.299,86.6,0.41,0.37,0.39,0.72,rail
EDGE0123,LOC059,LOC018,290.52,217.9,4,747,0.309,29.9,0.4,0.63,0.57,0.55,road
EDGE0124,LOC012,LOC062,348.27,261.2,8,132,0.131,87.8,0.13,0.43,0.72,0.28,road
EDGE0125,LOC013,LOC063,235.3,176.5,3,943,0.352,52.5,0.37,0.6,0.31,0.72,road
EDGE0126,LOC013,LOC062,225.72,169.3,4,491,0.323,92.1,0.16,0.74,0.35,0.51,road
EDGE0127,LOC016,LOC068,238.42,20.4,10,476,0.102,73.7,0.28,0.26,0.2,0.0,air
EDGE0128,LOC060,LOC061,161.74,80.9,7,717,0.175,30.8,0.4,0.82,0.48,0.26,rail
EDGE0129,LOC008,LOC055,169.77,127.3,4,122,0.316,19.5,0.45,0.78,0.12,0.59,road
EDGE0130,LOC054,LOC009,216.69,18.6,3,422,0.346,100.3,0.52,0.35,0.28,0.71,air
EDGE0131,LOC061,LOC063,311.63,155.8,7,981,0.157,23.7,0.3,0.26,0.22,0.34,rail
EDGE0132,LOC018,LOC019,546.18,46.8,10,136,0.133,22.4,0.3,0.21,0.74,0.0,air
EDGE0133,LOC072,LOC050,639.89,479.9,9,447,0.105,6.2,0.49,0.43,0.55,0.13,road
EDGE0134,LOC074,LOC044,651.01,325.5,9,274,0.174,15.0,0.42,0.63,0.72,0.1,rail
EDGE0135,LOC029,LOC002,391.78,293.8,3,964,0.368,34.5,0.27,0.76,0.57,0.76,road
EDGE0136,LOC048,LOC037,170.66,128.0,6,443,0.194,39.0,0.21,0.75,0.31,0.33,road
EDGE0137,LOC047,LOC040,507.5,380.6,10,132,0.135,59.1,0.42,0.32,0.66,0.0,road
EDGE0138,LOC026,LOC027,124.18,10.6,9,296,0.089,66.8,0.0,0.21,0.52,0.04,air
EDGE0139,LOC050,LOC051,384.48,288.4,9,520,0.157,87.1,0.58,0.36,0.51,0.06,road
EDGE0140,LOC031,LOC068,424.97,318.7,7,624,0.19,20.8,0.21,0.83,0.72,0.35,road
EDGE0141,LOC038,LOC048,582.44,291.2,10,349,0.126,70.9,0.29,0.73,0.14,0.08,rail
EDGE0142,LOC017,LOC059,118.15,88.6,7,268,0.177,77.4,0.52,0.58,0.22,0.21,road
EDGE0143,LOC050,LOC072,639.89,479.9,9,878,0.119,18.0,0.55,0.68,0.29,0.18,road
EDGE0144,LOC026,LOC025,331.26,248.4,6,801,0.249,30.6,0.15,0.36,0.77,0.39,road
EDGE0145,LOC004,LOC052,287.36,24.6,4,961,0.355,113.9,0.47,0.11,0.54,0.59,air
EDGE0146,LOC026,LOC024,276.02,207.0,10,934,0.075,56.5,0.0,0.35,0.31,0.0,road
EDGE0147,LOC007,LOC052,346.55,29.7,7,938,0.214,16.3,0.6,0.43,0.67,0.3,air
EDGE0148,LOC007,LOC006,263.58,22.6,5,847,0.254,65.8,0.52,0.55,0.22,0.51,air
EDGE0149,LOC029,LOC001,131.06,65.5,10,523,0.052,29.1,0.29,0.65,0.33,0.04,rail
EDGE0150,LOC002,LOC029,391.78,33.6,3,608,0.361,28.3,0.33,0.5,0.37,0.63,air
EDGE0151,LOC022,LOC010,332.7,249.5,4,120,0.303,22.4,0.47,0.13,0.45,0.69,road
EDGE0152,LOC018,LOC060,258.13,193.6,10,999,0.074,45.5,0.41,0.18,0.26,0.0,road
EDGE0153,LOC059,LOC002,239.58,179.7,5,835,0.267,52.7,0.19,0.6,0.7,0.43,road
EDGE0154,LOC035,LOC037,556.0,278.0,5,499,0.27,36.7,0.21,0.88,0.57,0.52,rail
EDGE0155,LOC016,LOC050,288.11,216.1,8,768,0.216,52.8,0.34,0.41,0.35,0.15,road
EDGE0156,LOC011,LOC055,148.76,111.6,5,830,0.322,17.6,0.51,0.66,0.71,0.57,road
EDGE0157,LOC064,LOC012,317.23,237.9,5,560,0.245,44.0,0.36,0.58,0.58,0.42,road
EDGE0158,LOC019,LOC013,364.07,182.0,3,857,0.364,17.7,0.35,0.65,0.76,0.71,rail
EDGE0159,LOC008,LOC054,215.93,161.9,7,869,0.173,87.7,0.43,0.39,0.77,0.38,road
EDGE0160,LOC012,LOC067,209.07,17.9,8,740,0.154,76.5,0.37,0.79,0.16,0.28,air
EDGE0161,LOC019,LOC060,289.97,217.5,9,666,0.101,90.4,0.09,0.65,0.66,0.13,road
EDGE0162,LOC036,LOC037,530.47,397.9,4,903,0.304,60.0,0.35,0.87,0.3,0.55,road
EDGE0163,LOC033,LOC031,678.22,508.7,8,551,0.129,54.2,0.0,0.7,0.45,0.25,road
EDGE0164,LOC062,LOC063,136.65,11.7,10,545,0.107,18.0,0.4,0.32,0.15,0.01,air
EDGE0165,LOC050,LOC070,331.57,248.7,9,739,0.163,12.4,0.25,0.21,0.3,0.11,road
EDGE0166,LOC051,LOC028,374.48,32.1,7,105,0.163,84.6,0.61,0.54,0.3,0.25,air
EDGE0167,LOC070,LOC050,331.57,248.7,10,226,0.102,56.8,0.16,0.82,0.38,0.01,road
EDGE0168,LOC065,LOC032,409.6,35.1,8,315,0.191,86.1,0.0,0.78,0.32,0.3,air
EDGE0169,LOC004,LOC003,184.91,92.5,3,905,0.369,110.0,0.58,0.88,0.23,0.75,rail
EDGE0170,LOC066,LOC065,120.79,10.4,4,299,0.355,29.4,0.24,0.13,0.12,0.57,air
EDGE0171,LOC068,LOC016,238.42,178.8,6,740,0.286,114.7,0.47,0.25,0.8,0.33,road
EDGE0172,LOC052,LOC053,107.49,80.6,3,545,0.381,73.2,0.51,0.63,0.26,0.7,road
EDGE0173,LOC047,LOC039,329.76,247.3,8,512,0.205,91.8,0.17,0.15,0.46,0.12,road
EDGE0174,LOC016,LOC030,382.74,32.8,6,522,0.264,91.4,0.53,0.65,0.66,0.33,air
EDGE0175,LOC018,LOC059,290.52,145.3,3,629,0.312,15.1,0.3,0.52,0.74,0.72,rail
EDGE0176,LOC056,LOC011,66.38,49.8,9,556,0.178,73.5,0.49,0.45,0.62,0.12,road
EDGE0177,LOC074,LOC043,554.64,416.0,6,141,0.242,25.1,0.42,0.72,0.21,0.4,road
EDGE0178,LOC034,LOC031,578.64,434.0,5,325,0.315,84.6,0.0,0.22,0.36,0.52,road
EDGE0179,LOC038,LOC047,420.37,315.3,3,293,0.363,111.2,0.26,0.36,0.55,0.76,road
EDGE0180,LOC053,LOC054,318.72,159.4,10,707,0.07,74.6,0.65,0.37,0.2,0.0,rail
EDGE0181,LOC013,LOC019,364.07,182.0,5,436,0.278,61.1,0.14,0.26,0.65,0.46,rail
EDGE0182,LOC049,LOC072,628.71,53.9,5,486,0.305,64.9,0.52,0.79,0.23,0.47,air
EDGE0183,LOC005,LOC018,249.43,187.1,8,605,0.194,104.2,0.47,0.49,0.74,0.25,road
EDGE0184,LOC066,LOC063,448.21,336.2,10,188,0.124,31.0,0.1,0.82,0.17,0.03,road
EDGE0185,LOC001,LOC007,381.47,286.1,3,525,0.375,30.8,0.3,0.25,0.12,0.62,road
EDGE0186,LOC057,LOC055,169.46,14.5,5,231,0.312,117.7,0.46,0.37,0.38,0.51,air
EDGE0187,LOC002,LOC030,370.61,278.0,5,730,0.264,105.8,0.44,0.61,0.35,0.42,road
EDGE0188,LOC016,LOC069,286.63,215.0,3,892,0.376,22.3,0.53,0.23,0.12,0.72,road
EDGE0189,LOC002,LOC059,239.58,179.7,5,622,0.32,23.0,0.54,0.85,0.66,0.43,road
EDGE0190,LOC057,LOC056,130.32,97.7,9,577,0.153,30.1,0.57,0.9,0.69,0.04,road
EDGE0191,LOC056,LOC057,130.32,97.7,7,211,0.23,53.0,0.26,0.78,0.31,0.37,road
EDGE0192,LOC043,LOC074,554.64,47.5,8,665,0.185,84.8,0.44,0.49,0.54,0.16,air
EDGE0193,LOC048,LOC036,511.24,383.4,8,669,0.181,103.5,0.19,0.81,0.43,0.27,road
EDGE0194,LOC023,LOC019,208.83,156.6,5,749,0.239,14.1,0.33,0.65,0.55,0.42,road
EDGE0195,LOC023,LOC021,375.46,281.6,3,332,0.359,67.9,0.43,0.46,0.18,0.78,road
EDGE0196,LOC018,LOC062,294.02,147.0,10,365,0.119,9.6,0.08,0.34,0.33,0.07,rail
EDGE0197,LOC051,LOC001,196.87,147.7,5,291,0.274,21.7,0.61,0.66,0.35,0.41,road
EDGE0198,LOC041,LOC039,559.12,419.3,7,906,0.175,44.8,0.36,0.88,0.1,0.2,road
EDGE0199,LOC070,LOC069,209.01,156.8,6,240,0.266,79.7,0.16,0.33,0.63,0.33,road
EDGE0200,LOC049,LOC070,246.64,123.3,3,964,0.322,80.8,0.5,0.43,0.19,0.62,rail
EDGE0201,LOC057,LOC058,121.79,91.3,3,515,0.362,19.0,0.4,0.38,0.12,0.7,road
EDGE0202,LOC004,LOC010,413.81,310.4,9,488,0.175,94.6,0.35,0.52,0.21,0.16,road
EDGE0203,LOC031,LOC069,247.37,185.5,7,338,0.212,69.5,0.45,0.28,0.17,0.29,road
EDGE0204,LOC061,LOC060,161.74,121.3,10,661,0.109,67.0,0.18,0.74,0.1,0.0,road
EDGE0205,LOC037,LOC040,480.86,360.6,9,698,0.096,84.5,0.28,0.1,0.27,0.06,road
EDGE0206,LOC067,LOC068,288.29,216.2,9,545,0.111,86.8,0.16,0.72,0.41,0.17,road
EDGE0207,LOC009,LOC008,14.25,10.7,10,519,0.095,15.6,0.32,0.65,0.64,0.05,road
EDGE0208,LOC005,LOC002,172.04,129.0,7,790,0.222,19.3,0.39,0.69,0.28,0.38,road
EDGE0209,LOC055,LOC056,104.7,78.5,9,341,0.097,27.3,0.49,0.67,0.19,0.02,road
EDGE0210,LOC034,LOC033,118.44,88.8,6,165,0.19,73.9,0.29,0.31,0.3,0.46,road
EDGE0211,LOC030,LOC067,469.99,40.3,9,578,0.171,64.3,0.49,0.16,0.13,0.04,air
EDGE0212,LOC024,LOC013,458.94,229.5,6,992,0.227,13.1,0.0,0.71,0.27,0.36,rail
EDGE0213,LOC032,LOC065,409.6,307.2,5,113,0.227,71.2,0.14,0.8,0.63,0.53,road
EDGE0214,LOC057,LOC054,191.52,143.6,5,621,0.291,92.8,0.39,0.63,0.51,0.55,road
EDGE0215,LOC054,LOC053,318.72,239.0,6,564,0.223,96.7,0.48,0.13,0.12,0.45,road
EDGE0216,LOC069,LOC015,702.42,351.2,7,696,0.192,61.7,0.16,0.43,0.52,0.38,rail
EDGE0217,LOC007,LOC001,381.47,286.1,6,491,0.226,10.5,0.58,0.32,0.14,0.38,road
EDGE0218,LOC039,LOC038,367.61,275.7,4,951,0.319,25.7,0.26,0.6,0.18,0.68,road
EDGE0219,LOC012,LOC030,386.91,193.5,10,129,0.143,74.7,0.3,0.46,0.23,0.02,rail
EDGE0220,LOC059,LOC005,112.23,9.6,7,386,0.201,29.3,0.47,0.75,0.45,0.34,air
EDGE0221,LOC064,LOC066,261.27,196.0,10,545,0.125,25.8,0.14,0.31,0.12,0.03,road
EDGE0222,LOC051,LOC050,384.48,288.4,10,345,0.108,96.9,0.62,0.77,0.57,0.0,road
EDGE0223,LOC048,LOC038,582.44,436.8,4,340,0.268,11.5,0.16,0.58,0.58,0.55,road
EDGE0224,LOC055,LOC058,288.6,24.7,5,755,0.269,68.0,0.44,0.76,0.6,0.53,air
EDGE0225,LOC068,LOC070,291.91,218.9,3,494,0.378,81.0,0.15,0.83,0.17,0.68,road
EDGE0226,LOC015,LOC045,596.39,447.3,8,138,0.161,71.2,0.32,0.22,0.14,0.11,road
EDGE0227,LOC060,LOC018,258.13,193.6,3,920,0.315,12.0,0.18,0.86,0.32,0.76,road
EDGE0228,LOC042,LOC039,552.67,414.5,5,857,0.277,30.4,0.4,0.35,0.23,0.48,road
EDGE0229,LOC063,LOC061,311.63,233.7,8,608,0.161,18.8,0.32,0.43,0.48,0.24,road
EDGE0230,LOC004,LOC009,506.69,43.4,5,833,0.274,28.9,0.54,0.59,0.45,0.46,air
EDGE0231,LOC020,LOC021,56.2,28.1,4,691,0.34,73.1,0.31,0.71,0.19,0.61,rail
EDGE0232,LOC033,LOC014,406.27,34.8,6,900,0.203,73.3,0.24,0.28,0.67,0.49,air
EDGE0233,LOC018,LOC061,182.03,15.6,7,313,0.207,101.9,0.19,0.42,0.46,0.39,air
EDGE0234,LOC055,LOC054,132.95,99.7,5,567,0.242,61.7,0.54,0.72,0.53,0.47,road
EDGE0235,LOC044,LOC074,651.01,55.8,5,428,0.298,55.8,0.72,0.26,0.31,0.58,air
EDGE0236,LOC074,LOC045,476.21,357.2,8,103,0.151,68.3,0.38,0.85,0.26,0.3,road
EDGE0237,LOC050,LOC071,334.87,251.2,10,668,0.095,93.0,0.28,0.34,0.43,0.0,road
EDGE0238,LOC070,LOC016,94.84,71.1,7,399,0.168,77.4,0.27,0.64,0.57,0.35,road
EDGE0239,LOC073,LOC045,622.13,466.6,5,579,0.265,69.1,0.7,0.45,0.79,0.41,road
EDGE0240,LOC038,LOC040,426.45,319.8,9,449,0.098,36.4,0.38,0.76,0.21,0.13,road
EDGE0241,LOC014,LOC034,293.1,219.8,4,874,0.289,54.1,0.09,0.44,0.45,0.54,road
EDGE0242,LOC071,LOC049,262.85,131.4,3,711,0.366,40.7,0.5,0.5,0.29,0.7,rail
EDGE0243,LOC063,LOC026,614.4,460.8,9,167,0.147,62.7,0.19,0.76,0.33,0.06,road
EDGE0244,LOC068,LOC069,360.36,270.3,4,794,0.304,28.2,0.44,0.2,0.21,0.64,road
EDGE0245,LOC054,LOC008,215.93,18.5,10,606,0.059,13.9,0.38,0.46,0.14,0.06,air
EDGE0246,LOC008,LOC010,121.08,90.8,10,673,0.061,83.1,0.56,0.49,0.17,0.06,road
EDGE0247,LOC061,LOC062,218.72,164.0,5,690,0.296,61.0,0.09,0.15,0.21,0.59,road
EDGE0248,LOC039,LOC041,559.12,279.6,5,711,0.226,74.5,0.13,0.47,0.48,0.44,rail
EDGE0249,LOC020,LOC008,262.66,197.0,6,340,0.2,33.4,0.46,0.42,0.79,0.44,road
EDGE0250,LOC027,LOC063,635.22,54.4,8,519,0.181,77.2,0.0,0.66,0.78,0.19,air
EDGE0251,LOC003,LOC053,383.03,287.3,5,599,0.292,31.1,0.53,0.5,0.66,0.43,road
EDGE0252,LOC021,LOC020,56.2,42.2,4,334,0.289,100.4,0.54,0.17,0.48,0.67,road
EDGE0253,LOC022,LOC023,223.26,167.4,5,133,0.283,84.4,0.23,0.71,0.69,0.47,road
EDGE0254,LOC010,LOC009,129.61,97.2,9,881,0.12,39.8,0.26,0.42,0.35,0.17,road
EDGE0255,LOC054,LOC057,191.52,143.6,10,795,0.065,28.9,0.25,0.74,0.78,0.06,road
EDGE0256,LOC070,LOC068,291.91,146.0,3,893,0.308,23.4,0.41,0.44,0.36,0.76,rail
EDGE0257,LOC067,LOC030,469.99,352.5,7,523,0.178,74.0,0.16,0.61,0.24,0.33,road
EDGE0258,LOC024,LOC063,495.59,371.7,5,511,0.238,103.9,0.06,0.61,0.42,0.46,road
EDGE0259,LOC043,LOC075,466.67,40.0,10,275,0.069,91.5,0.58,0.1,0.47,0.07,air
EDGE0260,LOC036,LOC015,537.93,403.4,10,104,0.075,64.3,0.24,0.43,0.26,0.03,road
EDGE0261,LOC049,LOC016,266.05,199.5,5,406,0.261,72.6,0.6,0.48,0.56,0.58,road
EDGE0262,LOC067,LOC065,488.61,366.5,3,558,0.355,101.6,0.18,0.29,0.79,0.79,road
EDGE0263,LOC075,LOC043,466.67,350.0,10,503,0.065,59.4,0.57,0.52,0.52,0.0,road
EDGE0264,LOC038,LOC045,583.5,437.6,7,504,0.2,25.0,0.43,0.8,0.12,0.33,road
EDGE0265,LOC048,LOC035,426.46,319.8,5,419,0.308,10.1,0.15,0.16,0.78,0.49,road
EDGE0266,LOC042,LOC041,13.43,10.1,7,792,0.181,60.1,0.19,0.67,0.12,0.31,road
EDGE0267,LOC043,LOC046,777.13,388.6,8,238,0.166,67.6,0.51,0.16,0.25,0.19,rail
EDGE0268,LOC038,LOC039,367.61,275.7,8,275,0.19,16.4,0.12,0.89,0.47,0.16,road
EDGE0269,LOC011,LOC056,66.38,49.8,9,259,0.112,83.8,0.42,0.79,0.57,0.19,road
EDGE0270,LOC049,LOC071,262.85,197.1,7,327,0.171,58.4,0.44,0.5,0.34,0.29,road
EDGE0271,LOC063,LOC027,635.22,476.4,5,722,0.286,23.1,0.25,0.17,0.45,0.52,road
EDGE0272,LOC063,LOC025,943.94,708.0,4,856,0.265,111.2,0.13,0.2,0.38,0.63,road
EDGE0273,LOC008,LOC009,14.25,10.7,6,175,0.2,99.5,0.41,0.85,0.72,0.46,road
EDGE0274,LOC063,LOC024,495.59,371.7,4,803,0.284,36.1,0.05,0.34,0.7,0.57,road
EDGE0275,LOC029,LOC051,121.5,60.8,10,714,0.124,40.1,0.6,0.73,0.77,0.0,rail
EDGE0276,LOC022,LOC019,398.95,299.2,7,457,0.195,54.6,0.36,0.54,0.28,0.39,road
EDGE0277,LOC022,LOC021,155.9,13.4,5,438,0.26,96.8,0.36,0.12,0.32,0.52,air
EDGE0278,LOC017,LOC006,161.07,120.8,7,808,0.195,69.3,0.25,0.86,0.42,0.34,road
EDGE0279,LOC047,LOC046,254.19,127.1,8,842,0.148,21.4,0.25,0.24,0.47,0.29,rail
EDGE0280,LOC002,LOC017,159.55,119.7,3,365,0.359,30.5,0.39,0.22,0.79,0.66,road
EDGE0281,LOC013,LOC061,167.14,83.6,10,279,0.141,98.9,0.21,0.34,0.39,0.03,rail
EDGE0282,LOC025,LOC026,331.26,28.4,5,648,0.243,105.2,0.2,0.5,0.25,0.56,air
EDGE0283,LOC007,LOC003,145.13,72.6,3,104,0.316,52.3,0.5,0.69,0.29,0.77,rail
EDGE0284,LOC052,LOC004,287.36,215.5,10,174,0.056,28.4,0.42,0.35,0.57,0.0,road
EDGE0285,LOC015,LOC069,702.42,60.2,3,162,0.387,69.9,0.56,0.46,0.72,0.6,air
EDGE0286,LOC006,LOC004,260.53,195.4,8,914,0.197,26.3,0.45,0.72,0.15,0.17,road
EDGE0287,LOC011,LOC058,158.48,13.6,9,986,0.147,80.0,0.51,0.83,0.35,0.07,air
EDGE0288,LOC068,LOC067,288.29,216.2,8,349,0.134,50.8,0.19,0.13,0.25,0.2,road
EDGE0289,LOC052,LOC007,346.55,173.3,3,611,0.301,100.7,0.47,0.54,0.41,0.8,rail
EDGE0290,LOC006,LOC007,263.58,197.7,9,838,0.105,16.4,0.34,0.89,0.29,0.13,road
EDGE0291,LOC036,LOC035,369.76,277.3,6,290,0.27,37.6,0.15,0.4,0.66,0.42,road
EDGE0292,LOC060,LOC013,249.59,21.4,6,193,0.27,112.2,0.47,0.74,0.66,0.47,air
EDGE0293,LOC046,LOC039,581.69,436.3,4,968,0.312,89.0,0.53,0.61,0.69,0.62,road
EDGE0294,LOC047,LOC038,420.37,36.0,7,635,0.172,63.1,0.31,0.68,0.25,0.39,air
EDGE0295,LOC058,LOC011,158.48,118.9,5,952,0.297,26.5,0.43,0.5,0.31,0.4,road
EDGE0296,LOC066,LOC062,502.4,43.1,9,303,0.138,40.1,0.09,0.58,0.17,0.18,air
EDGE0297,LOC049,LOC050,196.03,147.0,5,474,0.254,16.6,0.3,0.79,0.72,0.57,road
EDGE0298,LOC043,LOC044,234.01,20.1,10,988,0.129,65.7,0.55,0.75,0.32,0.09,air
EDGE0299,LOC059,LOC060,237.01,177.8,5,968,0.27,79.2,0.44,0.66,0.44,0.56,road
EDGE0300,LOC014,LOC031,306.45,229.8,6,202,0.257,26.4,0.08,0.14,0.75,0.38,road
EDGE0301,LOC063,LOC064,365.06,273.8,8,398,0.122,28.4,0.13,0.58,0.15,0.22,road
EDGE0302,LOC069,LOC031,247.37,185.5,5,308,0.294,19.5,0.3,0.58,0.75,0.56,road
EDGE0303,LOC045,LOC038,583.5,50.0,10,695,0.116,7.7,0.29,0.15,0.64,0.0,air
EDGE0304,LOC041,LOC046,120.76,90.6,8,514,0.135,52.0,0.35,0.46,0.38,0.11,road
EDGE0305,LOC058,LOC057,121.79,91.3,5,829,0.231,86.8,0.46,0.68,0.41,0.48,road
EDGE0306,LOC041,LOC042,13.43,10.1,9,280,0.087,76.5,0.23,0.86,0.24,0.11,road
EDGE0307,LOC026,LOC063,614.4,460.8,8,753,0.121,85.4,0.0,0.27,0.64,0.12,road
EDGE0308,LOC009,LOC055,161.63,13.9,7,620,0.184,56.8,0.29,0.35,0.73,0.25,air
EDGE0309,LOC033,LOC032,304.34,228.3,10,158,0.092,37.8,0.0,0.21,0.64,0.04,road
EDGE0310,LOC009,LOC010,129.61,64.8,10,187,0.113,34.0,0.3,0.7,0.51,0.01,rail
EDGE0311,LOC044,LOC075,367.61,31.5,6,535,0.22,92.3,0.73,0.37,0.25,0.34,air
EDGE0312,LOC032,LOC033,304.34,26.1,8,269,0.193,65.8,0.0,0.38,0.59,0.19,air
EDGE0313,LOC038,LOC037,412.16,309.1,4,918,0.314,29.9,0.13,0.79,0.6,0.59,road
EDGE0314,LOC023,LOC020,429.28,214.6,9,417,0.127,24.3,0.39,0.54,0.67,0.17,rail
EDGE0315,LOC071,LOC028,318.6,239.0,9,982,0.092,94.3,0.38,0.25,0.7,0.18,road
EDGE0316,LOC060,LOC059,237.01,20.3,6,167,0.29,13.7,0.3,0.28,0.31,0.47,air
EDGE0317,LOC025,LOC027,330.33,28.3,5,381,0.324,25.6,0.0,0.22,0.19,0.55,air
EDGE0318,LOC023,LOC022,223.26,167.4,6,139,0.25,12.2,0.3,0.45,0.55,0.49,road
EDGE0319,LOC040,LOC039,179.41,134.6,6,350,0.206,88.4,0.38,0.9,0.6,0.45,road
EDGE0320,LOC001,LOC002,265.26,132.6,5,136,0.271,96.9,0.34,0.82,0.76,0.46,rail
EDGE0321,LOC004,LOC053,361.02,270.8,6,555,0.198,93.8,0.47,0.46,0.23,0.45,road
EDGE0322,LOC031,LOC034,578.64,434.0,10,958,0.066,32.1,0.09,0.11,0.74,0.0,road
EDGE0323,LOC025,LOC024,528.11,264.1,5,689,0.237,70.0,0.18,0.45,0.42,0.43,rail
EDGE0324,LOC062,LOC061,218.72,164.0,10,233,0.102,6.4,0.1,0.43,0.52,0.08,road
EDGE0325,LOC039,LOC046,581.69,436.3,4,775,0.292,113.0,0.21,0.85,0.79,0.68,road
EDGE0326,LOC051,LOC029,121.5,60.8,10,232,0.081,24.8,0.61,0.45,0.62,0.04,rail
EDGE0327,LOC028,LOC072,344.8,258.6,7,583,0.2,9.4,0.5,0.7,0.57,0.24,road
EDGE0328,LOC035,LOC036,369.76,277.3,6,976,0.271,113.6,0.13,0.71,0.75,0.33,road
EDGE0329,LOC044,LOC046,1005.78,502.9,7,972,0.192,58.8,0.65,0.28,0.44,0.33,rail
EDGE0330,LOC002,LOC006,270.48,202.9,8,224,0.217,93.5,0.48,0.74,0.11,0.24,road
EDGE0331,LOC039,LOC042,552.67,414.5,7,663,0.159,51.9,0.1,0.79,0.37,0.38,road
EDGE0332,LOC045,LOC015,596.39,51.1,3,990,0.338,20.9,0.32,0.89,0.69,0.76,air
EDGE0333,LOC064,LOC065,226.38,169.8,6,727,0.235,63.6,0.2,0.72,0.31,0.31,road
EDGE0334,LOC034,LOC032,235.35,117.7,5,106,0.31,32.1,0.0,0.43,0.17,0.6,rail
EDGE0335,LOC045,LOC074,476.21,357.2,8,213,0.141,20.0,0.45,0.57,0.71,0.15,road
EDGE0336,LOC047,LOC041,259.93,194.9,7,531,0.199,29.2,0.42,0.66,0.15,0.37,road
EDGE0337,LOC063,LOC066,448.21,336.2,8,441,0.167,75.7,0.16,0.1,0.29,0.16,road
EDGE0338,LOC006,LOC017,161.07,120.8,3,436,0.365,18.8,0.33,0.41,0.72,0.72,road
EDGE0339,LOC013,LOC024,458.94,344.2,8,951,0.176,64.7,0.06,0.43,0.58,0.12,road
EDGE0340,LOC003,LOC006,203.3,152.5,9,797,0.094,77.5,0.38,0.84,0.4,0.0,road
EDGE0341,LOC032,LOC034,235.35,20.2,9,970,0.085,81.4,0.1,0.54,0.33,0.16,air
EDGE0342,LOC004,LOC021,305.27,229.0,10,653,0.106,31.3,0.46,0.8,0.8,0.0,road
EDGE0343,LOC064,LOC063,365.06,273.8,5,104,0.269,103.8,0.23,0.76,0.1,0.42,road
EDGE0344,LOC014,LOC033,406.27,304.7,7,152,0.24,65.8,0.02,0.21,0.22,0.35,road
EDGE0345,LOC017,LOC002,159.55,119.7,6,765,0.252,111.5,0.3,0.74,0.4,0.46,road
EDGE0346,LOC009,LOC054,216.69,108.3,5,484,0.246,96.4,0.56,0.44,0.75,0.45,rail
EDGE0347,LOC024,LOC027,201.26,150.9,3,659,0.357,24.8,0.03,0.19,0.43,0.63,road
EDGE0348,LOC007,LOC029,404.96,303.7,3,901,0.384,90.8,0.36,0.35,0.46,0.77,road
EDGE0349,LOC042,LOC046,109.89,82.4,6,855,0.214,21.7,0.31,0.13,0.75,0.41,road
EDGE0350,LOC073,LOC075,711.14,533.4,4,509,0.324,58.9,0.6,0.89,0.29,0.6,road
EDGE0351,LOC054,LOC055,132.95,99.7,4,822,0.309,94.7,0.45,0.35,0.21,0.67,road
EDGE0352,LOC021,LOC004,305.27,152.6,6,147,0.279,54.8,0.43,0.49,0.2,0.31,rail
EDGE0353,LOC054,LOC056,213.78,160.3,8,196,0.176,32.9,0.35,0.22,0.56,0.28,road
EDGE0354,LOC068,LOC030,313.77,235.3,3,274,0.36,50.2,0.39,0.35,0.16,0.78,road
EDGE0355,LOC035,LOC048,426.46,319.8,8,182,0.185,17.3,0.21,0.46,0.43,0.19,road
EDGE0356,LOC030,LOC002,370.61,278.0,6,523,0.235,67.4,0.24,0.69,0.11,0.4,road
EDGE0357,LOC012,LOC064,317.23,237.9,4,810,0.304,45.4,0.38,0.76,0.47,0.67,road
EDGE0358,LOC010,LOC021,198.37,148.8,5,369,0.293,107.1,0.37,0.24,0.42,0.41,road
EDGE0359,LOC041,LOC047,259.93,194.9,9,938,0.141,10.2,0.49,0.85,0.53,0.17,road
EDGE0360,LOC055,LOC009,161.63,121.2,3,803,0.318,76.7,0.51,0.39,0.32,0.69,road
EDGE0361,LOC020,LOC022,207.37,103.7,6,247,0.241,36.1,0.43,0.55,0.71,0.32,rail
EDGE0362,LOC036,LOC048,511.24,43.8,6,413,0.206,49.8,0.31,0.88,0.5,0.44,air
EDGE0363,LOC040,LOC037,480.86,360.6,3,123,0.363,71.6,0.1,0.67,0.14,0.7,road
EDGE0364,LOC037,LOC038,412.16,206.1,9,262,0.113,24.5,0.05,0.29,0.24,0.1,rail
EDGE0365,LOC071,LOC072,370.44,277.8,7,713,0.238,72.6,0.38,0.84,0.56,0.28,road
EDGE0366,LOC003,LOC004,184.91,138.7,6,259,0.272,61.6,0.37,0.47,0.64,0.42,road
EDGE0367,LOC030,LOC012,386.91,193.5,6,391,0.211,32.6,0.26,0.37,0.46,0.47,rail
EDGE0368,LOC065,LOC067,488.61,41.9,5,536,0.227,48.8,0.09,0.83,0.6,0.56,air
EDGE0369,LOC034,LOC014,293.1,219.8,4,977,0.343,115.4,0.0,0.45,0.43,0.58,road
EDGE0370,LOC039,LOC047,329.76,164.9,6,558,0.288,108.5,0.11,0.75,0.47,0.3,rail
EDGE0371,LOC003,LOC007,145.13,108.8,7,166,0.209,59.8,0.53,0.59,0.67,0.32,road
